company_id,ticker,company_name,peer_group,fiscal_year,revenue,net_income,total_assets,total_equity,prior_total_assets,prior_total_equity,average_assets,average_equity,net_margin,asset_turnover,equity_multiplier,roe,dupont_valid,peer_median_roe,peer_valid_count,roe_vs_peer_median,roe_peer_percentile
abnb,ABNB,Airbnb Inc,marketplace_platform,2017,,,,,,,,,,,,,0,,,,
abnb,ABNB,Airbnb Inc,marketplace_platform,2018,,,,,,,,,,,,,0,0.19426366772291523,7.0,,
abnb,ABNB,Airbnb Inc,marketplace_platform,2019,4805.239,-674.339,,-808.0,,,,,-0.140334122818865,,,,0,0.14396220692039002,8.0,,
abnb,ABNB,Airbnb Inc,marketplace_platform,2020,3378.0,-4585.0,10491.499,2901.0,,-808.0,,1046.5,-1.3573120189461219,,,-4.381270903010034,0,-0.4332732641761269,10.0,-3.9479976388339066,0.0
abnb,ABNB,Airbnb Inc,marketplace_platform,2021,5992.0,-352.0,13708.0,4775.0,10491.499,2901.0,12099.7495,3838.0,-0.05874499332443257,0.49521686378713875,3.1526184210526313,-0.09171443460135487,1,0.01591399070274655,12.0,-0.10762842530410141,0.36363636363636365
abnb,ABNB,Airbnb Inc,marketplace_platform,2022,8399.0,1893.0,16038.0,5560.0,13708.0,4775.0,14873.0,5167.5,0.2253839742826527,0.5647145834734082,2.8781809385582973,0.36632801161103046,1,-0.16998191681735986,11.0,0.5363099284283903,0.9
abnb,ABNB,Airbnb Inc,marketplace_platform,2023,9917.0,4792.0,20645.0,8165.0,16038.0,5560.0,18341.5,6862.5,0.483210648381567,0.5406864215031486,2.6727140255009108,0.6982877959927141,1,0.2447037150752226,9.0,0.4535840809174915,0.875
abnb,ABNB,Airbnb Inc,marketplace_platform,2024,11102.0,2648.0,20959.0,8412.0,20645.0,8165.0,20802.0,8288.5,0.23851558277787785,0.5336986828189597,2.509742414188333,0.3194787959220607,1,0.03620415677994996,9.0,0.2832746391421107,0.75
aka,AKA,a.k.a. Brands Holding Corp,dtc_brand,2017,,,,,,,,,,,,,0,,,,
aka,AKA,a.k.a. Brands Holding Corp,dtc_brand,2018,,,,,,,,,,,,,0,0.23823862596270423,3.0,,
aka,AKA,a.k.a. Brands Holding Corp,dtc_brand,2019,102.44,1.394,,112.041,,,,,0.01360796563842249,,,,0,-0.013600063431292997,4.0,,
aka,AKA,a.k.a. Brands Holding Corp,dtc_brand,2020,215.916,14.334,189.439,138.884,,112.041,,125.46249999999999,0.06638692824987495,,,0.11424927767261134,0,-0.14704822715938792,8.0,0.26129750483199926,0.7142857142857143
aka,AKA,a.k.a. Brands Holding Corp,dtc_brand,2021,562.191,-5.968,687.846,451.026,189.439,138.884,438.6425,294.955,-0.010615609285812117,1.281661033757559,1.4871505822922142,-0.020233594955162654,1,-0.03813811265461758,10.0,0.017904517699454923,0.6666666666666666
aka,AKA,a.k.a. Brands Holding Corp,dtc_brand,2022,611.738,-176.697,509.638,247.077,687.846,451.026,598.742,349.05150000000003,-0.2888442437775649,1.02170550921766,1.7153399999713506,-0.5062204287905939,1,-0.5062204287905939,13.0,0.0,0.5
aka,AKA,a.k.a. Brands Holding Corp,dtc_brand,2023,546.258,-98.886,361.721,148.618,509.638,247.077,435.67949999999996,197.8475,-0.18102435113078433,1.2538069842625144,2.2020975751525795,-0.4998091964770846,1,-0.34996854239210196,12.0,-0.14984065408498265,0.36363636363636365
aka,AKA,a.k.a. Brands Holding Corp,dtc_brand,2024,574.697,-25.99,385.204,117.634,361.721,148.618,373.4625,133.126,-0.04522383099267962,1.5388345550088698,2.805331039766837,-0.1952285804425882,1,-0.1952285804425882,11.0,0.0,0.5
amzn,AMZN,Amazon.com Inc,hybrid,2017,177866.0,3033.0,131310.0,27709.0,,,,,0.01705216286417865,,,,0,,,,
amzn,AMZN,Amazon.com Inc,hybrid,2018,232887.0,10073.0,162648.0,43549.0,131310.0,27709.0,146979.0,35629.0,0.04325273630559026,1.5844916620741738,4.125263128350501,0.28271913329029724,1,-0.3969225384200372,2.0,0.6796416717103344,1.0
amzn,AMZN,Amazon.com Inc,hybrid,2019,280522.0,11588.0,225248.0,62060.0,162648.0,43549.0,193948.0,52804.5,0.04130870306072251,1.4463773795037844,3.6729445407114922,0.21945099376000152,1,-0.20384431583923768,2.0,0.4232953095992392,1.0
amzn,AMZN,Amazon.com Inc,hybrid,2020,386064.0,21331.0,321195.0,93404.0,225248.0,62060.0,273221.5,77732.0,0.05525249699531684,1.4130073950988484,3.5149166366489992,0.2744172284258735,1,0.22838857582034564,2.0,0.04602865260552788,1.0
amzn,AMZN,Amazon.com Inc,hybrid,2021,469822.0,33364.0,420549.0,138245.0,321195.0,93404.0,370872.0,115824.5,0.07101412875514557,1.2668036411484285,3.2020168444500086,0.2880564992726064,1,0.4738055365614806,2.0,-0.1857490372888742,0.0
amzn,AMZN,Amazon.com Inc,hybrid,2022,513983.0,-2722.0,462675.0,146043.0,420549.0,138245.0,441612.0,142144.0,-0.005295895000418302,1.163879151834642,3.106793111211166,-0.01914959477712742,1,-0.03492057198984754,2.0,0.01577097721272012,1.0
amzn,AMZN,Amazon.com Inc,hybrid,2023,574785.0,30425.0,527854.0,201875.0,462675.0,146043.0,495264.5,173959.0,0.05293283575597832,1.1605616796681368,2.8470185503480705,0.1748975333268184,1,-0.6126464986596454,3.0,0.7875440319864637,1.0
amzn,AMZN,Amazon.com Inc,hybrid,2024,637959.0,59248.0,624894.0,285970.0,527854.0,201875.0,576374.0,243922.5,0.09287117197186653,1.1068490251121668,2.3629390482632804,0.24289682173641217,1,-0.37445665251995636,2.0,0.6173534742563686,1.0
aprn,APRN,Blue Apron Holdings Inc,inventory_led_ecommerce,2017,881.191,-210.143,517.709,223.85,,,,,-0.2384761079039618,,,,0,,,,
aprn,APRN,Blue Apron Holdings Inc,inventory_led_ecommerce,2018,667.6,-122.149,354.899,119.302,517.709,223.85,436.304,171.576,-0.1829673457159976,1.5301257838571274,2.5429197556767846,-0.7119235790553458,1,-0.13470214617836074,4.0,-0.577221432876985,0.0
aprn,APRN,Blue Apron Holdings Inc,inventory_led_ecommerce,2019,454.868,-61.081,266.065,67.999,354.899,119.302,310.48199999999997,93.6505,-0.13428291284504518,1.465038230879729,3.31532666670226,-0.6522228925633072,1,-0.4163770536023661,4.0,-0.23584583896094113,0.0
aprn,APRN,Blue Apron Holdings Inc,inventory_led_ecommerce,2020,460.608,-46.154,215.335,63.975,266.065,67.999,240.7,65.987,-0.10020234125329999,1.9136186123805567,3.64768818100535,-0.6994407989452469,1,-0.3440643863179074,5.0,-0.3553764126273395,0.0
aprn,APRN,Blue Apron Holdings Inc,inventory_led_ecommerce,2021,470.377,-88.381,231.706,80.053,215.335,63.975,223.5205,72.014,-0.18789396590394514,2.104402057082013,3.1038478629155444,-1.2272752520343266,1,-0.3462742776908513,5.0,-0.8810009743434754,0.0
aprn,APRN,Blue Apron Holdings Inc,inventory_led_ecommerce,2022,458.467,-109.733,171.142,33.721,231.706,80.053,201.42399999999998,56.887,-0.23934765206656097,2.276128961792041,3.5407738147555676,-1.9289644382723645,1,-1.0627646318876596,4.0,-0.866199806384705,0.0
aprn,APRN,Blue Apron Holdings Inc,inventory_led_ecommerce,2023,,,,,171.142,33.721,,,,,,,0,-0.2859960552268245,3.0,,
aprn,APRN,Blue Apron Holdings Inc,inventory_led_ecommerce,2024,,,,,,,,,,,,,0,0.4794520547945205,3.0,,
bark,BARK,BARK Inc,dtc_brand,2017,,,,,,,,,,,,,0,,,,
bark,BARK,BARK Inc,dtc_brand,2018,,,,,,,,,,,,,0,0.23823862596270423,3.0,,
bark,BARK,BARK Inc,dtc_brand,2019,,,,,,,,,,,,,0,-0.013600063431292997,4.0,,
bark,BARK,BARK Inc,dtc_brand,2020,224.335,-31.368,,-135.387,,,,,-0.1398265986136804,,,,0,-0.14704822715938792,8.0,,
bark,BARK,BARK Inc,dtc_brand,2021,378.604,-31.391,150.863,-158.97,,-135.387,,-147.17849999999999,-0.08291248903867894,,,,0,-0.03813811265461758,10.0,,
bark,BARK,BARK Inc,dtc_brand,2022,507.406,-68.299,434.061,217.061,150.863,-158.97,292.462,29.045500000000004,-0.13460424196797044,1.7349467623144204,10.069098483413953,-2.3514485892823327,1,-0.5062204287905939,13.0,-1.8452281604917387,0.16666666666666666
bark,BARK,BARK Inc,dtc_brand,2023,535.315,-61.519,400.42,170.537,434.061,217.061,417.2405,193.799,-0.11492112120900777,1.2829890674562994,2.1529548656081814,-0.3174371384785267,1,-0.34996854239210196,12.0,0.03253140391357523,0.5454545454545454
bark,BARK,BARK Inc,dtc_brand,2024,490.184,-37.01,298.588,139.383,400.42,170.537,349.504,154.96,-0.07550226037569564,1.4025132759567844,2.2554465668559627,-0.23883582860092925,1,-0.1952285804425882,11.0,-0.04360724815834105,0.4
bbby,BBBY,Bed Bath & Beyond Inc,inventory_led_ecommerce,2017,12349.301,424.858,7040.806,2888.628,,,,,0.03440340469472726,,,,0,,,,
bbby,BBBY,Bed Bath & Beyond Inc,inventory_led_ecommerce,2018,12028.797,-137.224,6570.541,2560.331,7040.806,2888.628,6805.6735,2724.4795000000004,-0.011407957088310659,1.7674660707716878,2.4979719979541044,-0.050367051761630054,1,-0.13470214617836074,4.0,0.08433509441673068,0.6666666666666666
bbby,BBBY,Bed Bath & Beyond Inc,inventory_led_ecommerce,2019,11158.58,-613.816,7790.515,1764.935,6570.541,2560.331,7180.528,2162.633,-0.05500843297265423,1.5540054993170418,3.3202711694494633,-0.28382809288492317,1,-0.4163770536023661,4.0,0.13254896071744293,0.6666666666666666
bbby,BBBY,Bed Bath & Beyond Inc,inventory_led_ecommerce,2020,9233.028,-150.773,6456.93,1276.936,7790.515,1764.935,7123.7225,1520.9355,-0.01632974577787482,1.2960959666803418,4.683776859702466,-0.0991317514779555,1,-0.3440643863179074,5.0,0.24493263483995192,0.75
bbby,BBBY,Bed Bath & Beyond Inc,inventory_led_ecommerce,2021,7867.778,-559.623,5130.572,174.145,6456.93,1276.936,5793.751,725.5405,-0.07112846854601135,1.3579765509425585,7.985427415836884,-0.7713187616680255,1,-0.3462742776908513,5.0,-0.4250444839771742,0.25
bbby,BBBY,Bed Bath & Beyond Inc,inventory_led_ecommerce,2022,5344.685,-3498.801,2225.217,-2800.008,5130.572,174.145,3677.8945000000003,-1312.9315,-0.6546318445334008,1.4531914931219478,,,0,-1.0627646318876596,4.0,,
bbby,BBBY,Bed Bath & Beyond Inc,inventory_led_ecommerce,2023,,,,,2225.217,-2800.008,,,,,,,0,-0.2859960552268245,3.0,,
bbby,BBBY,Bed Bath & Beyond Inc,inventory_led_ecommerce,2024,,,,,,,,,,,,,0,0.4794520547945205,3.0,,
bird,BIRD,Allbirds Inc,dtc_brand,2017,,,,,,,,,,,,,0,,,,
bird,BIRD,Allbirds Inc,dtc_brand,2018,,,,,,,,,,,,,0,0.23823862596270423,3.0,,
bird,BIRD,Allbirds Inc,dtc_brand,2019,193.673,-14.527,,-9.118,,,,,-0.0750078740970605,,,,0,-0.013600063431292997,4.0,,
bird,BIRD,Allbirds Inc,dtc_brand,2020,219.296,-25.86,244.043,-25.507,,-9.118,,-17.3125,-0.1179228075295491,,,,0,-0.14704822715938792,8.0,,
bird,BIRD,Allbirds Inc,dtc_brand,2021,277.472,-45.37,488.429,397.004,244.043,-25.507,366.236,185.7485,-0.1635119940029985,0.7576316910407497,1.9716767564744802,-0.2442550007133301,1,-0.03813811265461758,10.0,-0.2061168880587125,0.2222222222222222
bird,BIRD,Allbirds Inc,dtc_brand,2022,297.766,-101.354,462.364,316.769,488.429,397.004,475.39649999999995,356.8865,-0.34038137329312274,0.6263529495904998,1.3320663572312204,-0.283995051648073,1,-0.5062204287905939,13.0,0.22222537714252094,0.75
bird,BIRD,Allbirds Inc,dtc_brand,2023,254.065,-152.458,312.705,185.329,462.364,316.769,387.5345,251.049,-0.6000747840119655,0.6555932439563446,1.543660799286195,-0.6072838370198647,1,-0.34996854239210196,12.0,-0.2573152946277627,0.18181818181818182
bird,BIRD,Allbirds Inc,dtc_brand,2024,189.757,-93.318,188.879,101.685,312.705,185.329,250.79199999999997,143.507,-0.49177632445706876,0.7566309930141313,1.7475941940114417,-0.6502679311810573,1,-0.1952285804425882,11.0,-0.45503935073846913,0.2
bkng,BKNG,Booking Holdings Inc,marketplace_platform,2017,12681.0,2341.0,25451.0,11261.0,,,,,0.18460689220093052,,,,0,,,,
bkng,BKNG,Booking Holdings Inc,marketplace_platform,2018,14527.0,3998.0,22687.0,8785.0,25451.0,11261.0,24069.0,10023.0,0.27521167481241826,0.603556441896215,2.401376833283448,0.3988825700887958,1,0.19426366772291523,7.0,0.20461890236588057,0.8333333333333334
bkng,BKNG,Booking Holdings Inc,marketplace_platform,2019,15066.0,4865.0,21402.0,5933.0,22687.0,8785.0,22044.5,7359.0,0.32291251825302003,0.6834357776316088,2.995583639081397,0.6610952575078136,1,0.14396220692039002,8.0,0.5171330505874236,1.0
bkng,BKNG,Booking Holdings Inc,marketplace_platform,2020,6796.0,59.0,21874.0,4893.0,21402.0,5933.0,21638.0,5413.0,0.008681577398469689,0.31407708660689526,3.9974136338444484,0.01089968594125254,1,-0.4332732641761269,10.0,0.44417295011737945,0.6666666666666666
bkng,BKNG,Booking Holdings Inc,marketplace_platform,2021,10958.0,1165.0,23641.0,6178.0,21874.0,4893.0,22757.5,5535.5,0.10631502098923161,0.48151158958585083,4.111191400957456,0.2104597597326348,1,0.01591399070274655,12.0,0.19454576902988827,0.6363636363636364
bkng,BKNG,Booking Holdings Inc,marketplace_platform,2022,17090.0,3058.0,25361.0,2782.0,23641.0,6178.0,24501.0,4480.0,0.1789350497366881,0.6975225500999959,5.468973214285715,0.6825892857142857,1,-0.16998191681735986,11.0,0.8525712025316455,1.0
bkng,BKNG,Booking Holdings Inc,marketplace_platform,2023,21365.0,4289.0,24342.0,-2744.0,25361.0,2782.0,24851.5,19.0,0.2007488883688275,0.8597066575458222,1307.9736842105262,225.73684210526315,1,0.2447037150752226,9.0,225.49213839018793,1.0
bkng,BKNG,Booking Holdings Inc,marketplace_platform,2024,23739.0,5882.0,27708.0,-4020.0,24342.0,-2744.0,26025.0,-3382.0,0.24777791819368972,0.9121613832853026,,,0,0.03620415677994996,9.0,,
boxd,BOXD,Boxed Inc,inventory_led_ecommerce,2017,,,,,,,,,,,,,0,,,,
boxd,BOXD,Boxed Inc,inventory_led_ecommerce,2018,,,,,,,,,,,,,0,-0.13470214617836074,4.0,,
boxd,BOXD,Boxed Inc,inventory_led_ecommerce,2019,173.992897,-65.402,,-274.943167,,,,,-0.37588890769489286,,,,0,-0.4163770536023661,4.0,,
boxd,BOXD,Boxed Inc,inventory_led_ecommerce,2020,187.173834,-34.436576,59.665048,-308.442394,,-274.943167,,-291.6927805,-0.18398178454794062,,,,0,-0.3440643863179074,5.0,,
boxd,BOXD,Boxed Inc,inventory_led_ecommerce,2021,177.266677,-69.222605,231.60485,-1.575713,59.665048,-308.442394,145.634949,-155.0090535,-0.39049981740222955,1.2171987439635796,,,0,-0.3462742776908513,5.0,,
boxd,BOXD,Boxed Inc,inventory_led_ecommerce,2022,,,,,231.60485,-1.575713,,,,,,,0,-1.0627646318876596,4.0,,
boxd,BOXD,Boxed Inc,inventory_led_ecommerce,2023,,,,,,,,,,,,,0,-0.2859960552268245,3.0,,
boxd,BOXD,Boxed Inc,inventory_led_ecommerce,2024,,,,,,,,,,,,,0,0.4794520547945205,3.0,,
byon,BYON,Bed Bath & Beyond Inc,hybrid,2017,1744.756,-109.878,433.815,172.123,,,,,-0.06297614107645998,,,,0,,,,
byon,BYON,Bed Bath & Beyond Inc,hybrid,2018,1821.592,-206.07,461.219,210.706,433.815,172.123,447.517,191.41449999999998,-0.11312632027369465,4.070442016727856,2.337947229703079,-1.0765642101303716,1,-0.3969225384200372,2.0,-0.6796416717103344,0.0
byon,BYON,Bed Bath & Beyond Inc,hybrid,2019,1434.974,-121.841,417.727,177.855,461.219,210.706,439.47299999999996,194.2805,-0.08490815861472055,3.2652153829700574,2.2620540918929075,-0.6271396254384769,1,-0.20384431583923768,2.0,-0.4232953095992392,0.0
byon,BYON,Bed Bath & Beyond Inc,hybrid,2020,2493.915,56.001,830.214,436.326,417.727,177.855,623.9705,307.0905,0.022455055605343405,3.996847607378874,2.0318782248229756,0.18235992321481775,1,0.22838857582034564,2.0,-0.04602865260552788,0.0
byon,BYON,Bed Bath & Beyond Inc,hybrid,2021,2756.446,389.372,1065.966,744.386,830.214,436.326,948.0899999999999,590.356,0.14125870777080343,2.907367444019028,1.6059631815379194,0.6595545738503548,1,0.4738055365614806,2.0,0.18574903728887415,1.0
byon,BYON,Bed Bath & Beyond Inc,hybrid,2022,1929.334,-35.236,878.546,645.826,1065.966,744.386,972.256,695.106,-0.018263297075571155,1.9843888852318732,1.3987161670306398,-0.05069154920256766,1,-0.03492057198984754,2.0,-0.015770977212720118,0.0
byon,BYON,Bed Bath & Beyond Inc,hybrid,2023,1561.122,-307.842,635.818,359.132,878.546,645.826,757.182,502.47900000000004,-0.1971927882638256,2.061752656560774,1.5068928253718066,-0.6126464986596454,1,-0.6126464986596454,3.0,0.0,0.5
byon,BYON,Bed Bath & Beyond Inc,hybrid,2024,1394.964,-258.795,401.954,162.732,635.818,359.132,518.886,260.932,-0.1855209166688173,2.688382419259722,1.9885870648291506,-0.9918101267763249,1,-0.37445665251995636,2.0,-0.6173534742563684,0.0
carg,CARG,CarGurus Inc,marketplace_platform,2017,316.861,13.199,176.594,127.025,,,,,0.04165548931550427,,,,0,,,,
carg,CARG,CarGurus Inc,marketplace_platform,2018,454.086,65.17,268.29,194.111,176.594,127.025,222.442,160.56799999999998,0.14351906907502104,2.041368086961995,1.385344526929401,0.40587165562254,1,0.19426366772291523,7.0,0.2116079878996248,1.0
carg,CARG,CarGurus Inc,marketplace_platform,2019,588.916,42.146,393.623,256.855,268.29,194.111,330.9565,225.483,0.07156538453701376,1.7794362703255564,1.4677669713459551,0.18691431283067902,1,0.14396220692039002,8.0,0.042952105910289,0.5714285714285714
carg,CARG,CarGurus Inc,marketplace_platform,2020,551.451,77.553,502.298,373.586,393.623,256.855,447.9605,315.2205,0.14063443533514308,1.2310259498326304,1.421102053959054,0.24602778055361246,1,-0.4332732641761269,10.0,0.6793010447297394,0.7777777777777778
carg,CARG,CarGurus Inc,marketplace_platform,2021,951.373,109.244,931.574,516.841,502.298,373.586,716.9359999999999,445.2135,0.11482772792585032,1.3269985047479833,1.610319543320227,0.24537441025485524,1,0.01591399070274655,12.0,0.2294604195521087,0.7272727272727273
carg,CARG,CarGurus Inc,marketplace_platform,2022,1655.035,84.387,927.102,734.609,931.574,516.841,929.338,625.725,0.05098804557003326,1.78087520363958,1.4852179471812696,0.13486275919932877,1,-0.16998191681735986,11.0,0.30484467601668863,0.8
carg,CARG,CarGurus Inc,marketplace_platform,2023,698.421,36.942,918.927,616.852,927.102,734.609,923.0145,675.7305,0.05289359856018075,0.756673920073845,1.365950626766144,0.05466972409858664,1,0.2447037150752226,9.0,-0.19003399097663595,0.375
carg,CARG,CarGurus Inc,marketplace_platform,2024,798.044,20.972,824.536,541.689,918.927,616.852,871.7315,579.2705,0.02627925277303006,0.915469958353002,1.5048781182539073,0.03620415677994996,1,0.03620415677994996,9.0,0.0,0.5
cars,CARS,Cars.com Inc,marketplace_platform,2017,626.262,224.443,2511.039,1679.128,,,,,0.3583851487077294,,,,0,,,,
cars,CARS,Cars.com Inc,marketplace_platform,2018,662.127,38.809,2600.549,1626.923,2511.039,1679.128,2555.794,1653.0255,0.05861262265396216,0.2590690016488027,1.5461310185475057,0.02347755675880378,1,0.19426366772291523,7.0,-0.17078611096411145,0.16666666666666666
cars,CARS,Cars.com Inc,marketplace_platform,2019,606.682,-445.324,2027.991,1141.068,2600.549,1626.923,2314.27,1383.9955,-0.7340319969934825,0.2621483232293553,1.6721658415796872,-0.3217669421613004,1,0.14396220692039002,8.0,-0.46572914908169044,0.14285714285714285
cars,CARS,Cars.com Inc,marketplace_platform,2020,547.503,-789.106,1075.712,368.19,2027.991,1141.068,1551.8515,754.629,-1.4412816002834687,0.35280630910882904,2.0564429673389175,-1.0456873510029432,1,-0.4332732641761269,10.0,-0.6124140868268163,0.2222222222222222
cars,CARS,Cars.com Inc,marketplace_platform,2021,623.683,10.791,1007.205,398.02,1075.712,368.19,1041.4585,383.105,0.01730205889851094,0.598855355254194,2.7184675219587318,0.028167212644053197,1,0.01591399070274655,12.0,0.012253221941306645,0.5454545454545454
cars,CARS,Cars.com Inc,marketplace_platform,2022,653.876,17.206,1024.87,384.43,1007.205,398.02,1016.0374999999999,391.225,0.026313857673320323,0.6435549868976294,2.597066905233561,0.04397980701642277,1,-0.16998191681735986,11.0,0.21396172383378262,0.6
cars,CARS,Cars.com Inc,marketplace_platform,2023,689.183,118.442,1172.449,492.108,1024.87,384.43,1098.6595,438.269,0.17185856296513408,0.627294443819946,2.5068154489594288,0.2702495499339447,1,0.2447037150752226,9.0,0.025545834858722083,0.625
cars,CARS,Cars.com Inc,marketplace_platform,2024,719.152,48.188,1111.865,511.485,1172.449,492.108,1142.1570000000002,501.79650000000004,0.06700669677620308,0.6296437354934566,2.2761358439128214,0.09603096075799651,1,0.03620415677994996,9.0,0.05982680397804655,0.625
chwy,CHWY,Chewy Inc,inventory_led_ecommerce,2017,2104.287,-338.057,,-83.703,,,,,-0.16065156511445447,,,,0,,,,
chwy,CHWY,Chewy Inc,inventory_led_ecommerce,2018,3532.837,-267.89,541.622,-335.942,,-83.703,,-209.8225,-0.07582857629717986,,,,0,-0.13470214617836074,4.0,,
chwy,CHWY,Chewy Inc,inventory_led_ecommerce,2019,4846.743,-252.37,932.321,-403.974,541.622,-335.942,736.9715,-369.95799999999997,-0.05207001897975609,6.5765677505846565,,,0,-0.4163770536023661,4.0,,
chwy,CHWY,Chewy Inc,inventory_led_ecommerce,2020,7146.264,-92.486,1740.91,-54.97,932.321,-403.974,1336.6155,-229.47199999999998,-0.012941867246997873,5.346536831272718,,,0,-0.3440643863179074,5.0,,
chwy,CHWY,Chewy Inc,inventory_led_ecommerce,2021,8967.407,-75.207,2086.281,-39.62,1740.91,-54.97,1913.5955,-47.295,-0.008386705320724263,4.686155982285702,,,0,-0.3462742776908513,5.0,,
chwy,CHWY,Chewy Inc,inventory_led_ecommerce,2022,10119.0,49.899,2519.818,160.3,2086.281,-39.62,2303.0495,60.34,0.004931218499851764,4.393739691656649,38.167873715611535,0.8269638713954259,1,-1.0627646318876596,4.0,1.8897285032830855,1.0
chwy,CHWY,Chewy Inc,inventory_led_ecommerce,2023,11147.7,39.6,3186.851,510.3,2519.818,160.3,2853.3345,335.3,0.0035523022686294032,3.9069026081589806,8.509795705338503,0.1181031911720847,1,-0.2859960552268245,3.0,0.40409924639890915,1.0
chwy,CHWY,Chewy Inc,inventory_led_ecommerce,2024,11861.3,392.7,3014.5,261.5,3186.851,510.3,3100.6755000000003,385.9,0.033107669479736625,3.8253922411422923,8.034919668307854,1.0176211453744495,1,0.4794520547945205,3.0,0.538169090579929,1.0
cvna,CVNA,Carvana Co,inventory_led_ecommerce,2017,858.87,-62.841,641.137,279.544,,,,,-0.07316706835726013,,,,0,,,,
cvna,CVNA,Carvana Co,inventory_led_ecommerce,2018,1955.467,-55.476,991.013,227.0,641.137,279.544,816.075,253.272,-0.02836969378670159,2.3961853996262596,3.2221287785463852,-0.21903724059509144,1,-0.13470214617836074,4.0,-0.0843350944167307,0.3333333333333333
cvna,CVNA,Carvana Co,inventory_led_ecommerce,2019,3940.0,-115.0,2057.748,192.0,991.013,227.0,1524.3805,209.5,-0.02918781725888325,2.584656521124483,7.276279236276849,-0.548926014319809,1,-0.4163770536023661,4.0,-0.13254896071744293,0.3333333333333333
cvna,CVNA,Carvana Co,inventory_led_ecommerce,2020,5587.0,-171.0,3035.0,802.0,2057.748,192.0,2546.374,497.0,-0.030606765706103455,2.194100316764152,5.123488933601609,-0.3440643863179074,1,-0.3440643863179074,5.0,0.0,0.5
cvna,CVNA,Carvana Co,inventory_led_ecommerce,2021,12814.0,-135.0,7015.0,525.0,3035.0,802.0,5025.0,663.5,-0.010535351958795068,2.550049751243781,7.573474001507159,-0.20346646571213264,1,-0.3462742776908513,5.0,0.14280781197871864,0.75
cvna,CVNA,Carvana Co,inventory_led_ecommerce,2022,13604.0,-1587.0,8698.0,-1053.0,7015.0,525.0,7856.5,-264.0,-0.11665686562775654,1.7315598548972189,,,0,-1.0627646318876596,4.0,,
cvna,CVNA,Carvana Co,inventory_led_ecommerce,2023,10771.0,450.0,7071.0,-384.0,8698.0,-1053.0,7884.5,-718.5,0.04177885061739857,1.3660980404591287,,,0,-0.2859960552268245,3.0,,
cvna,CVNA,Carvana Co,inventory_led_ecommerce,2024,13673.0,210.0,8484.0,1260.0,7071.0,-384.0,7777.5,438.0,0.015358736195421633,1.7580199292831886,17.756849315068493,0.4794520547945205,1,0.4794520547945205,3.0,0.0,0.5
dash,DASH,DoorDash Inc,marketplace_platform,2017,,,,,,,,,,,,,0,,,,
dash,DASH,DoorDash Inc,marketplace_platform,2018,291.0,-204.0,,-436.0,,,,,-0.7010309278350515,,,,0,0.19426366772291523,7.0,,
dash,DASH,DoorDash Inc,marketplace_platform,2019,885.0,-667.0,1732.0,-1082.0,,-436.0,,-759.0,-0.7536723163841808,,,,0,0.14396220692039002,8.0,,
dash,DASH,DoorDash Inc,marketplace_platform,2020,2886.0,-461.0,6353.0,4700.0,1732.0,-1082.0,4042.5,1809.0,-0.15973665973665974,0.7139146567717997,2.2346600331674957,-0.25483692647871753,1,-0.4332732641761269,10.0,0.17843633769740935,0.5555555555555556
dash,DASH,DoorDash Inc,marketplace_platform,2021,4888.0,-468.0,6809.0,4667.0,6353.0,4700.0,6581.0,4683.5,-0.09574468085106383,0.7427442637896976,1.4051457243514465,-0.09992526956336073,1,0.01591399070274655,12.0,-0.11583926026610727,0.2727272727272727
dash,DASH,DoorDash Inc,marketplace_platform,2022,6583.0,-1365.0,9789.0,6754.0,6809.0,4667.0,8299.0,5710.5,-0.20735227100106335,0.7932280997710568,1.4532878031696,-0.2390333596007355,1,-0.16998191681735986,11.0,-0.06905144278337563,0.4
dash,DASH,DoorDash Inc,marketplace_platform,2023,8635.0,-558.0,10839.0,6806.0,9789.0,6754.0,10314.0,6780.0,-0.06462072958888246,0.837211557106845,1.5212389380530973,-0.08230088495575222,1,0.2447037150752226,9.0,-0.3270046000309748,0.25
dash,DASH,DoorDash Inc,marketplace_platform,2024,10722.0,123.0,12845.0,7803.0,10839.0,6806.0,11842.0,7304.5,0.011471740346950195,0.9054213815233914,1.6211924156341981,0.016838934903141898,1,0.03620415677994996,9.0,-0.019365221876808062,0.375
ebay,EBAY,eBay Inc,marketplace_platform,2017,9927.0,-1017.0,25986.0,8049.0,,,,,-0.10244786944696282,,,,0,,,,
ebay,EBAY,eBay Inc,marketplace_platform,2018,8650.0,2530.0,22819.0,6281.0,25986.0,8049.0,24402.5,7165.0,0.292485549132948,0.35447187788136464,3.405792044661549,0.3531053733426378,1,0.19426366772291523,7.0,0.15884170561972258,0.6666666666666666
ebay,EBAY,eBay Inc,marketplace_platform,2019,7429.0,1786.0,18174.0,2870.0,22819.0,6281.0,20496.5,4575.5,0.24040920716112532,0.362452125972727,4.479619713692492,0.39033985356791606,1,0.14396220692039002,8.0,0.24637764664752604,0.8571428571428571
ebay,EBAY,eBay Inc,marketplace_platform,2020,8894.0,5667.0,19310.0,3561.0,18174.0,2870.0,18742.0,3215.5,0.6371711266022038,0.4745491409668125,5.828642512828487,1.762400870782149,1,-0.4332732641761269,10.0,2.195674134958276,1.0
ebay,EBAY,eBay Inc,marketplace_platform,2021,10420.0,13608.0,26626.0,9778.0,19310.0,3561.0,22968.0,6669.5,1.3059500959692898,0.45367467781260884,3.4437364120248892,2.0403328585351224,1,0.01591399070274655,12.0,2.024418867832376,1.0
ebay,EBAY,eBay Inc,marketplace_platform,2022,9795.0,-1269.0,20850.0,5153.0,26626.0,9778.0,23738.0,7465.5,-0.12955589586523736,0.4126295391355632,3.179693255642623,-0.16998191681735986,1,-0.16998191681735986,11.0,0.0,0.5
ebay,EBAY,eBay Inc,marketplace_platform,2023,10112.0,2767.0,21620.0,6396.0,20850.0,5153.0,21235.0,5774.5,0.27363528481012656,0.47619496114904636,3.6773746644731147,0.47917568620659795,1,0.2447037150752226,9.0,0.23447197113137536,0.75
ebay,EBAY,eBay Inc,marketplace_platform,2024,10283.0,1975.0,19365.0,5158.0,21620.0,6396.0,20492.5,5777.0,0.19206457259554605,0.501793339026473,3.54725636143327,0.34187294443482774,1,0.03620415677994996,9.0,0.30566878765487776,0.875
etsy,ETSY,Etsy Inc,marketplace_platform,2017,441.231,81.8,605.583,396.894,,,,,0.18539041907753534,,,,0,,,,
etsy,ETSY,Etsy Inc,marketplace_platform,2018,603.693,77.491,901.851,400.898,605.583,396.894,753.717,398.896,0.12836160101243513,0.8009544696484224,1.8895075408126427,0.19426366772291523,1,0.19426366772291523,7.0,0.0,0.5
etsy,ETSY,Etsy Inc,marketplace_platform,2019,818.379,95.894,1542.352,406.634,901.851,400.898,1222.1015,403.766,0.11717553847300578,0.6696489612360348,3.026756834404085,0.23749894741013358,1,0.14396220692039002,8.0,0.09353674048974356,0.7142857142857143
etsy,ETSY,Etsy Inc,marketplace_platform,2020,1725.625,349.246,2404.489,742.424,1542.352,406.634,1973.4205000000002,574.529,0.20238812024628758,0.8744335026417329,3.4348492417267016,0.6078822827046154,1,-0.4332732641761269,10.0,1.0411555468807423,0.8888888888888888
etsy,ETSY,Etsy Inc,marketplace_platform,2021,2329.114,493.507,3831.809,628.619,2404.489,742.424,3118.1490000000003,685.5215000000001,0.21188615069936464,0.7469540422859844,4.548579439156905,0.71990010524834,1,0.01591399070274655,12.0,0.7039861145455935,0.8181818181818182
etsy,ETSY,Etsy Inc,marketplace_platform,2022,2566.111,-694.288,2634.961,-547.274,3831.809,628.619,3233.385,40.672500000000014,-0.2705603927499629,0.7936298956047608,79.49806380232341,-17.07020714241809,1,-0.16998191681735986,11.0,-16.90022522560073,0.0
etsy,ETSY,Etsy Inc,marketplace_platform,2023,2748.377,307.568,2685.4,-543.715,2634.961,-547.274,2660.1805,-545.4945,0.11190895572186785,1.0331543291893164,,,0,0.2447037150752226,9.0,,
etsy,ETSY,Etsy Inc,marketplace_platform,2024,2808.332,303.281,2417.782,-758.866,2685.4,-543.715,2551.5910000000003,-651.2905000000001,0.10799328569414159,1.1006199661309353,,,0,0.03620415677994996,9.0,,
expe,EXPE,Expedia Group Inc,marketplace_platform,2017,10060.0,378.0,18516.0,6129.0,,,,,0.03757455268389662,,,,0,,,,
expe,EXPE,Expedia Group Inc,marketplace_platform,2018,11223.0,406.0,18033.0,5651.0,18516.0,6129.0,18274.5,5890.0,0.03617571059431524,0.6141344496429451,3.1026315789473684,0.06893039049235994,1,0.19426366772291523,7.0,-0.1253332772305553,0.3333333333333333
expe,EXPE,Expedia Group Inc,marketplace_platform,2019,12067.0,565.0,21416.0,5536.0,18033.0,5651.0,19724.5,5593.5,0.04682191099693379,0.6117772313620117,3.5263251988915707,0.10101010101010101,1,0.14396220692039002,8.0,-0.042952105910289015,0.42857142857142855
expe,EXPE,Expedia Group Inc,marketplace_platform,2020,5199.0,-2612.0,18690.0,3004.0,21416.0,5536.0,20053.0,4270.0,-0.5024043085208694,0.25926295317408865,4.696252927400469,-0.6117096018735363,1,-0.4332732641761269,10.0,-0.1784363376974094,0.4444444444444444
expe,EXPE,Expedia Group Inc,marketplace_platform,2021,8598.0,12.0,21548.0,3552.0,18690.0,3004.0,20119.0,3278.0,0.0013956734124214933,0.4273572245141409,6.1375838926174495,0.0036607687614399025,1,0.01591399070274655,12.0,-0.012253221941306649,0.45454545454545453
expe,EXPE,Expedia Group Inc,marketplace_platform,2022,11667.0,352.0,21561.0,3728.0,21548.0,3552.0,21554.5,3640.0,0.03017056655524128,0.5412790832540769,5.921565934065934,0.0967032967032967,1,-0.16998191681735986,11.0,0.26668521352065655,0.7
expe,EXPE,Expedia Group Inc,marketplace_platform,2023,12839.0,797.0,21642.0,2786.0,21561.0,3728.0,21601.5,3257.0,0.062076485707609624,0.5943568733652755,6.632330365366902,0.2447037150752226,1,0.2447037150752226,9.0,0.0,0.5
expe,EXPE,Expedia Group Inc,marketplace_platform,2024,13691.0,1234.0,22388.0,1557.0,21642.0,2786.0,22015.0,2171.5,0.09013220363742605,0.6218941630706336,10.138153350218742,0.5682707805664288,1,0.03620415677994996,9.0,0.5320666237864788,1.0
figs,FIGS,FIGS Inc,dtc_brand,2017,,,,,,,,,,,,,0,,,,
figs,FIGS,FIGS Inc,dtc_brand,2018,,,,,,,,,,,,,0,0.23823862596270423,3.0,,
figs,FIGS,FIGS Inc,dtc_brand,2019,110.494,0.112,,38.814,,,,,0.001013629699350191,,,,0,-0.013600063431292997,4.0,,
figs,FIGS,FIGS Inc,dtc_brand,2020,263.112,49.758,133.855,97.677,,38.814,,68.2455,0.18911338137371156,,,0.7291030177813922,0,-0.14704822715938792,8.0,0.8761512449407801,1.0
figs,FIGS,FIGS Inc,dtc_brand,2021,419.591,-9.556,311.751,245.573,133.855,97.677,222.803,171.625,-0.02277455903486967,1.8832376583798245,1.2981966496722506,-0.05567953386744355,1,-0.03813811265461758,10.0,-0.017541421212825974,0.4444444444444444
figs,FIGS,FIGS Inc,dtc_brand,2022,505.835,21.186,395.064,307.739,311.751,245.573,353.4075,276.656,0.04188322279004023,1.4313080509044092,1.277425756173732,0.07657885605228153,1,-0.5062204287905939,13.0,0.5827992848428755,0.8333333333333334
figs,FIGS,FIGS Inc,dtc_brand,2023,545.646,22.637,473.209,376.85,395.064,307.739,434.1365,342.29449999999997,0.041486604868357875,1.256853547213837,1.2683128125050214,0.06613311052324826,1,-0.34996854239210196,12.0,0.41610165291535023,0.8181818181818182
figs,FIGS,FIGS Inc,dtc_brand,2024,555.558,2.72,509.787,377.132,473.209,376.85,491.498,376.991,0.004895978457694786,1.1303362373804167,1.3037393465626501,0.007215026353414273,1,-0.1952285804425882,11.0,0.20244360679600248,0.8
grov,GROV,Grove Collaborative Holdings Inc,hybrid,2017,,,,,,,,,,,,,0,,,,
grov,GROV,Grove Collaborative Holdings Inc,hybrid,2018,,,,,,,,,,,,,0,-0.3969225384200372,2.0,,
grov,GROV,Grove Collaborative Holdings Inc,hybrid,2019,,,,,,,,,,,,,0,-0.20384431583923768,2.0,,
grov,GROV,Grove Collaborative Holdings Inc,hybrid,2020,364.271,-72.26,,-339.641,,,,,-0.19836879685728484,,,,0,0.22838857582034564,2.0,,
grov,GROV,Grove Collaborative Holdings Inc,hybrid,2021,383.685,-135.896,182.473,-456.279,,-339.641,,-397.96000000000004,-0.35418637684558946,,,,0,0.4738055365614806,2.0,,
grov,GROV,Grove Collaborative Holdings Inc,hybrid,2022,321.527,-87.715,174.045,26.533,182.473,-456.279,178.25900000000001,-214.873,-0.27280757137036704,1.8037069657072011,,,0,-0.03492057198984754,2.0,,
grov,GROV,Grove Collaborative Holdings Inc,hybrid,2023,259.278,-43.232,150.742,8.122,174.045,26.533,162.3935,17.3275,-0.16673994708382506,1.596603312324693,9.372009810994083,-2.4949935074303853,1,-0.6126464986596454,3.0,-1.88234700877074,0.0
grov,GROV,Grove Collaborative Holdings Inc,hybrid,2024,203.425,-27.423,65.01,-8.549,150.742,8.122,107.876,-0.2134999999999998,-0.13480643971979844,1.8857299121213245,,,0,-0.37445665251995636,2.0,,
grpn,GRPN,Groupon Inc,marketplace_platform,2017,2843.877,14.04,1677.505,251.845,,,,,0.004936922377444594,,,,0,,,,
grpn,GRPN,Groupon Inc,marketplace_platform,2018,2636.746,-11.079,1642.142,382.611,1677.505,251.845,1659.8235,317.228,-0.004201769908819431,1.5885701100147094,5.232273002383144,-0.034924407681541356,1,0.19426366772291523,7.0,-0.22918807540445657,0.0
grpn,GRPN,Groupon Inc,marketplace_platform,2019,2218.915,-22.377,1586.743,395.046,1642.142,382.611,1614.4425,388.82849999999996,-0.01008465849300221,1.3744156264469003,4.152068328324699,-0.057549793803694946,1,0.14396220692039002,8.0,-0.20151200072408498,0.2857142857142857
grpn,GRPN,Groupon Inc,marketplace_platform,2020,1416.868,-287.931,1411.507,107.674,1586.743,395.046,1499.125,251.36,-0.20321653110946114,0.9451299924956224,5.964055537873965,-1.14549252068746,1,-0.4332732641761269,10.0,-0.7122192565113331,0.1111111111111111
grpn,GRPN,Groupon Inc,marketplace_platform,2021,967.108,118.668,1157.881,210.296,1411.507,107.674,1284.694,158.985,0.12270397928669809,0.7527924937767282,8.0805987986288,0.7464100386828946,1,0.01591399070274655,12.0,0.730496047980148,0.9090909090909091
grpn,GRPN,Groupon Inc,marketplace_platform,2022,599.085,-237.609,793.117,8.858,1157.881,210.296,975.499,109.577,-0.39661984526402766,0.6141318443176261,8.902406526917146,-2.1684203801892736,1,-0.16998191681735986,11.0,-1.9984384633719139,0.1
grpn,GRPN,Groupon Inc,marketplace_platform,2023,514.91,-55.41,570.956,-40.312,793.117,8.858,682.0364999999999,-15.726999999999999,-0.10761103882231847,0.7549595952709276,,,0,0.2447037150752226,9.0,,
grpn,GRPN,Groupon Inc,marketplace_platform,2024,492.557,-59.027,612.69,40.815,570.956,-40.312,591.8230000000001,0.25150000000000006,-0.1198379070848653,0.8322707971809138,2353.17296222664,-234.6998011928429,1,0.03620415677994996,9.0,-234.73600534962284,0.0
hnst,HNST,Honest Company Inc,dtc_brand,2017,,,,,,,,,,,,,0,,,,
hnst,HNST,Honest Company Inc,dtc_brand,2018,,,,,,,,,,,,,0,0.23823862596270423,3.0,,
hnst,HNST,Honest Company Inc,dtc_brand,2019,235.587,-31.083,,-230.277,,,,,-0.13193851952781774,,,,0,-0.013600063431292997,4.0,,
hnst,HNST,Honest Company Inc,dtc_brand,2020,300.522,-14.466,240.732,-236.825,,-230.277,,-233.551,-0.04813624293728912,,,,0,-0.14704822715938792,8.0,,
hnst,HNST,Honest Company Inc,dtc_brand,2021,318.639,-38.679,272.597,179.106,240.732,-236.825,256.6645,-28.859499999999997,-0.12138815399244914,1.2414611292173248,,,0,-0.03813811265461758,10.0,,
hnst,HNST,Honest Company Inc,dtc_brand,2022,313.651,-49.019,240.599,146.36,272.597,179.106,256.59799999999996,162.733,-0.15628517046016113,1.2223438997965692,1.5768037214332677,-0.30122347649216813,1,-0.5062204287905939,13.0,0.2049969522984258,0.6666666666666666
hnst,HNST,Honest Company Inc,dtc_brand,2023,344.365,-39.238,201.621,123.139,240.599,146.36,221.11,134.7495,-0.1139430546077563,1.5574374745601736,1.640896626703624,-0.2911921751101117,1,-0.34996854239210196,12.0,0.05877636728199026,0.6363636363636364
hnst,HNST,Honest Company Inc,dtc_brand,2024,378.34,-6.124,247.393,174.307,201.621,123.139,224.507,148.72299999999998,-0.016186498916318657,1.685203579398415,1.5095647613348306,-0.04117722208400853,1,-0.1952285804425882,11.0,0.15405135835857967,0.7
love,LOVE,Lovesac Company,dtc_brand,2017,,,,,,,,,,,,,0,,,,
love,LOVE,Lovesac Company,dtc_brand,2018,101.810413,-5.501798,41.440935,23.638453,,,,,-0.05403963934416021,,,,0,0.23823862596270423,3.0,,
love,LOVE,Lovesac Company,dtc_brand,2019,165.881297,-6.704356,105.014305,78.77,41.440935,23.638453,73.22762,51.2042265,-0.04041658777239968,2.2652831950567283,1.430108899311271,-0.1309336447060674,1,-0.013600063431292997,4.0,-0.11733358127477439,0.3333333333333333
love,LOVE,Lovesac Company,dtc_brand,2020,233.377,-15.205,125.663767,90.155,105.014305,78.77,115.339036,84.4625,-0.06515209296545932,2.023399952813894,1.3655650258990675,-0.18002071925410684,1,-0.14704822715938792,8.0,-0.03297249209471892,0.2857142857142857
love,LOVE,Lovesac Company,dtc_brand,2021,320.738,14.727,171.019,107.946,125.663767,90.155,148.3413835,99.0505,0.045915981268200214,2.1621613094905507,1.497633868582188,0.14868173305536064,1,-0.03813811265461758,10.0,0.18681984570997823,0.8888888888888888
love,LOVE,Lovesac Company,dtc_brand,2022,498.239,47.488,369.084,157.814,171.019,107.946,270.05150000000003,132.88,0.09531168776430589,1.8449777172131978,2.0322960565924144,0.35737507525587,1,-0.5062204287905939,13.0,0.8635955040464639,1.0
love,LOVE,Lovesac Company,dtc_brand,2023,651.179,26.488,408.626,193.094,369.084,157.814,388.855,175.454,0.040676987433562815,1.6746062156845094,2.2162789107116394,0.1509683449793108,1,-0.34996854239210196,12.0,0.5009368873714127,1.0
love,LOVE,Lovesac Company,dtc_brand,2024,700.265,23.861,482.18,217.496,408.626,193.094,445.403,205.29500000000002,0.03407424332217089,1.5722053960121507,2.169575488930563,0.11622786721547042,1,-0.1952285804425882,11.0,0.31145644765805863,0.9
me,ME,23andMe Holding Co,dtc_brand,2017,,,,,,,,,,,,,0,,,,
me,ME,23andMe Holding Co,dtc_brand,2018,,,,,,,,,,,,,0,0.23823862596270423,3.0,,
me,ME,23andMe Holding Co,dtc_brand,2019,,,,,,,,,,,,,0,-0.013600063431292997,4.0,,
me,ME,23andMe Holding Co,dtc_brand,2020,305.463,-250.863,,-620.883,,,,,-0.8212549474077057,,,,0,-0.14704822715938792,8.0,,
me,ME,23andMe Holding Co,dtc_brand,2021,243.92,-183.619,452.098,-595.619,,-620.883,,-608.251,-0.7527836995736308,,,,0,-0.03813811265461758,10.0,,
me,ME,23andMe Holding Co,dtc_brand,2022,271.893,-217.49,1152.068,915.656,452.098,-595.619,802.083,160.01849999999996,-0.7999102588150487,0.3389836213957907,5.012439186719036,-1.3591553476629268,1,-0.5062204287905939,13.0,-0.8529349188723329,0.25
me,ME,23andMe Holding Co,dtc_brand,2023,299.489,-311.66,942.598,713.939,1152.068,915.656,1047.333,814.7974999999999,-1.040639222141715,0.28595394206045255,1.2853905418217413,-0.38249994630567724,1,-0.34996854239210196,12.0,-0.032531403913575285,0.45454545454545453
me,ME,23andMe Holding Co,dtc_brand,2024,219.638,-666.7,395.167,188.52,942.598,713.939,668.8824999999999,451.2295,-3.035449239202688,0.3283655948541037,1.4823554311054574,-1.4775186462764516,1,-0.1952285804425882,11.0,-1.2822900658338634,0.0
posh,POSH,Poshmark Inc,marketplace_platform,2017,,,,,,,,,,,,,0,,,,
posh,POSH,Poshmark Inc,marketplace_platform,2018,148.305,-14.475,,-86.741,,,,,-0.09760291291595023,,,,0,0.19426366772291523,7.0,,
posh,POSH,Poshmark Inc,marketplace_platform,2019,204.983,-47.724,151.988,-123.785,,-86.741,,-105.263,-0.2328193069669192,,,,0,0.14396220692039002,8.0,,
posh,POSH,Poshmark Inc,marketplace_platform,2020,261.601,18.846,288.502,-96.779,151.988,-123.785,220.245,-110.282,0.07204100901754963,1.1877727076664624,,,0,-0.4332732641761269,10.0,,
posh,POSH,Poshmark Inc,marketplace_platform,2021,326.009,-98.329,608.673,417.619,288.502,-96.779,448.5875,160.42000000000002,-0.3016143726093451,0.7267456181904312,2.7963315047999,-0.612947263433487,1,0.01591399070274655,12.0,-0.6288612541362336,0.09090909090909091
posh,POSH,Poshmark Inc,marketplace_platform,2022,,,,,608.673,417.619,,,,,,,0,-0.16998191681735986,11.0,,
posh,POSH,Poshmark Inc,marketplace_platform,2023,,,,,,,,,,,,,0,0.2447037150752226,9.0,,
posh,POSH,Poshmark Inc,marketplace_platform,2024,,,,,,,,,,,,,0,0.03620415677994996,9.0,,
prpl,PRPL,Purple Innovation Inc,dtc_brand,2017,196.859,-8.819,37.661,-13.919,,,,,-0.044798561406895296,,,,0,,,,
prpl,PRPL,Purple Innovation Inc,dtc_brand,2018,285.791,-4.322,71.709,-7.273,37.661,-13.919,54.685,-10.596,-0.015122939490746735,5.2261314802962415,,,0,0.23823862596270423,3.0,,
prpl,PRPL,Purple Innovation Inc,dtc_brand,2019,428.358,-22.573,147.724,-28.54,71.709,-7.273,109.7165,-17.9065,-0.052696576228295024,3.9042258912743297,,,0,-0.013600063431292997,4.0,,
prpl,PRPL,Purple Innovation Inc,dtc_brand,2020,648.471,-236.867,554.732,67.541,147.724,-28.54,351.22799999999995,19.5005,-0.36526999665366683,1.8462964228364485,18.01123048126971,-12.146714186815723,1,-0.14704822715938792,8.0,-11.999665959656335,0.0
prpl,PRPL,Purple Innovation Inc,dtc_brand,2021,724.999,3.114,642.47,145.618,554.732,67.541,598.601,106.5795,0.004295178338177018,1.2111556779891781,5.616474087418313,0.02921762627897485,1,-0.03813811265461758,10.0,0.06735573893359242,0.7777777777777778
prpl,PRPL,Purple Innovation Inc,dtc_brand,2022,573.201,-92.47,433.333,175.171,642.47,145.618,537.9015,160.3945,-0.16132211911702876,1.0656244684203333,3.3536156164955786,-0.5765160276692779,1,-0.5062204287905939,13.0,-0.07029559887868397,0.3333333333333333
prpl,PRPL,Purple Innovation Inc,dtc_brand,2023,510.541,-120.757,390.625,115.607,433.333,175.171,411.97900000000004,145.389,-0.23652752668247998,1.2392403496294713,2.8336325306591283,-0.8305786545061868,1,-0.34996854239210196,12.0,-0.4806101121140849,0.09090909090909091
prpl,PRPL,Purple Innovation Inc,dtc_brand,2024,487.877,-97.897,307.845,20.198,390.625,115.607,349.235,67.9025,-0.20065918253986148,1.3969877016908385,5.143183240675969,-1.4417289495968484,1,-0.1952285804425882,11.0,-1.2465003691542602,0.1
pton,PTON,Peloton Interactive Inc,dtc_brand,2017,,,,,,,,,,,,,0,,,,
pton,PTON,Peloton Interactive Inc,dtc_brand,2018,435.0,-47.9,,-315.6,,,,,-0.11011494252873563,,,,0,0.23823862596270423,3.0,,
pton,PTON,Peloton Interactive Inc,dtc_brand,2019,915.0,-195.6,864.5,-538.6,,-315.6,,-427.1,-0.21377049180327867,,,,0,-0.013600063431292997,4.0,,
pton,PTON,Peloton Interactive Inc,dtc_brand,2020,1825.9,-71.6,2981.8,1678.0,864.5,-538.6,1923.15,569.7,-0.03921353852894462,0.9494319215869796,3.375724065297525,-0.12568018255222044,1,-0.14704822715938792,8.0,0.021368044607167486,0.5714285714285714
pton,PTON,Peloton Interactive Inc,dtc_brand,2021,4021.8,-189.0,4485.6,1754.1,2981.8,1678.0,3733.7000000000003,1716.05,-0.04699388333581978,1.0771620644400997,2.175752454765304,-0.11013665102998164,1,-0.03813811265461758,10.0,-0.07199853837536407,0.3333333333333333
pton,PTON,Peloton Interactive Inc,dtc_brand,2022,3582.1,-2827.7,4028.5,592.9,4485.6,1754.1,4257.05,1173.5,-0.7893972809245973,0.8414512397082486,3.6276523221133363,-2.409629314017895,1,-0.5062204287905939,13.0,-1.903408885227301,0.08333333333333333
pton,PTON,Peloton Interactive Inc,dtc_brand,2023,2800.2,-1261.7,2769.1,-295.1,4028.5,592.9,3398.8,148.89999999999998,-0.45057495893150495,0.8238790161233376,22.82605775688382,-8.473472128945602,1,-0.34996854239210196,12.0,-8.1235035865535,0.0
pton,PTON,Peloton Interactive Inc,dtc_brand,2024,2700.5,-551.9,2185.2,-519.1,2769.1,-295.1,2477.1499999999996,-407.1,-0.20436956119237176,1.090164099872838,,,0,-0.1952285804425882,11.0,,
qvcga,QVCGA,QVC Group Inc,inventory_led_ecommerce,2017,10404.0,2441.0,24122.0,10083.0,,,,,0.23462129950019223,,,,0,,,,
qvcga,QVCGA,QVC Group Inc,inventory_led_ecommerce,2018,14070.0,916.0,17841.0,5744.0,24122.0,10083.0,20981.5,7913.5,0.06510305614783227,0.6705907585253675,2.651355278953687,0.1157515637834081,1,-0.13470214617836074,4.0,0.25045370996176886,1.0
qvcga,QVCGA,QVC Group Inc,inventory_led_ecommerce,2019,13458.0,-456.0,17305.0,4936.0,17841.0,5744.0,17573.0,5340.0,-0.03388319215336603,0.7658339498093666,3.290823970037453,-0.0853932584269663,1,-0.4163770536023661,4.0,0.3309837951753998,1.0
qvcga,QVCGA,QVC Group Inc,inventory_led_ecommerce,2020,14177.0,1196.0,16999.0,3689.0,17305.0,4936.0,17152.0,4312.5,0.08436199478027792,0.8265508395522388,3.9772753623188404,0.2773333333333333,1,-0.3440643863179074,5.0,0.6213977196512408,1.0
qvcga,QVCGA,QVC Group Inc,inventory_led_ecommerce,2021,14044.0,340.0,16202.0,2986.0,16999.0,3689.0,16600.5,3337.5,0.0242096268869268,0.8459986144995633,4.973932584269663,0.10187265917602996,1,-0.3462742776908513,5.0,0.44814693686688123,1.0
qvcga,QVCGA,QVC Group Inc,inventory_led_ecommerce,2022,12106.0,-2594.0,12571.0,525.0,16202.0,2986.0,14386.5,1755.5,-0.21427391376177102,0.8414833350710735,8.195101110794646,-1.4776416975220734,1,-1.0627646318876596,4.0,-0.41487706563441384,0.3333333333333333
qvcga,QVCGA,QVC Group Inc,inventory_led_ecommerce,2023,10915.0,-145.0,11368.0,489.0,12571.0,525.0,11969.5,507.0,-0.013284470911589555,0.9119010819165378,23.608481262327416,-0.2859960552268245,1,-0.2859960552268245,3.0,0.0,0.5
qvcga,QVCGA,QVC Group Inc,inventory_led_ecommerce,2024,10037.0,-1290.0,9243.0,-971.0,11368.0,489.0,10305.5,-241.0,-0.12852445949985056,0.9739459511911115,,,0,0.4794520547945205,3.0,,
real,REAL,The RealReal Inc,marketplace_platform,2017,137.521,-52.308,,-176.986,,,,,-0.38036372626726106,,,,0,,,,
real,REAL,The RealReal Inc,marketplace_platform,2018,213.732,-75.765,135.417,-257.69,,-176.986,,-217.338,-0.3544859918028185,,,,0,0.19426366772291523,7.0,,
real,REAL,The RealReal Inc,marketplace_platform,2019,316.354,-98.429,465.247,337.245,135.417,-257.69,300.332,39.7775,-0.31113562654494653,1.0533476286243224,7.550298535604298,-2.4744893469926463,1,0.14396220692039002,8.0,-2.618451553913036,0.0
real,REAL,The RealReal Inc,marketplace_platform,2020,299.949,-175.832,605.109,191.293,465.247,337.245,535.178,264.269,-0.5862063217413627,0.5604658636939486,2.025125913368575,-0.6653523493107402,1,-0.4332732641761269,10.0,-0.23207908513461328,0.3333333333333333
real,REAL,The RealReal Inc,marketplace_platform,2021,467.692,-236.107,754.944,73.128,605.109,191.293,680.0264999999999,132.2105,-0.5048343781805119,0.6877555507028036,5.143513563597445,-1.7858415178824678,1,0.01591399070274655,12.0,-1.8017555085852144,0.0
real,REAL,The RealReal Inc,marketplace_platform,2022,603.493,-196.445,615.641,-170.092,754.944,73.128,685.2925,-48.482000000000006,-0.32551330338545764,0.8806356409854187,,,0,-0.16998191681735986,11.0,,
real,REAL,The RealReal Inc,marketplace_platform,2023,549.304,-168.472,446.923,-303.299,615.641,-170.092,531.2819999999999,-236.69549999999998,-0.3067008432489114,1.0339217214210157,,,0,0.2447037150752226,9.0,,
real,REAL,The RealReal Inc,marketplace_platform,2024,600.484,-134.202,423.095,-407.376,446.923,-303.299,435.009,-355.3375,-0.22348971829390957,1.380394428621017,,,0,0.03620415677994996,9.0,,
rent,RENT,Rent the Runway Inc,dtc_brand,2017,,,,,,,,,,,,,0,,,,
rent,RENT,Rent the Runway Inc,dtc_brand,2018,,,,,,,,,,,,,0,0.23823862596270423,3.0,,
rent,RENT,Rent the Runway Inc,dtc_brand,2019,21.5,-153.9,,-364.3,,,,,-7.158139534883722,,,,0,-0.013600063431292997,4.0,,
rent,RENT,Rent the Runway Inc,dtc_brand,2020,21.6,-171.1,320.7,-526.7,,-364.3,,-445.5,-7.921296296296296,,,,0,-0.14704822715938792,8.0,,
rent,RENT,Rent the Runway Inc,dtc_brand,2021,17.5,-211.8,447.5,71.1,320.7,-526.7,384.1,-227.8,-12.102857142857143,0.04556105180942463,,,0,-0.03813811265461758,10.0,,
rent,RENT,Rent the Runway Inc,dtc_brand,2022,27.8,-138.7,336.2,-35.3,447.5,71.1,391.85,17.9,-4.989208633093525,0.07094551486538216,21.89106145251397,-7.748603351955307,1,-0.5062204287905939,13.0,-7.242382923164713,0.0
rent,RENT,Rent the Runway Inc,dtc_brand,2023,33.3,-113.2,278.5,-122.3,336.2,-35.3,307.35,-78.8,-3.3993993993993996,0.10834553440702781,,,0,-0.34996854239210196,12.0,,
rent,RENT,Rent the Runway Inc,dtc_brand,2024,40.7,-69.9,240.0,-182.5,278.5,-122.3,259.25,-152.4,-1.7174447174447174,0.1569913211186114,,,0,-0.1952285804425882,11.0,,
rvlv,RVLV,Revolve Group Inc,dtc_brand,2017,399.597,5.347,,47.988,,,,,0.013380981338698741,,,,0,,,,
rvlv,RVLV,Revolve Group Inc,dtc_brand,2018,498.739,30.685,162.074,79.818,,47.988,,63.903,0.06152516646983693,,,0.4801808991753126,0,0.23823862596270423,3.0,0.24194227321260836,1.0
rvlv,RVLV,Revolve Group Inc,dtc_brand,2019,600.993,35.667,232.29,130.764,162.074,79.818,197.18200000000002,105.291,0.059346781077317036,3.047910052641722,1.8727336619464154,0.3387469014445679,1,-0.013600063431292997,4.0,0.3523469648758609,1.0
rvlv,RVLV,Revolve Group Inc,dtc_brand,2020,580.649,56.79,305.752,200.064,232.29,130.764,269.021,165.414,0.09780435340455249,2.1583779704930097,1.626349643923731,0.34332039609706555,1,-0.14704822715938792,8.0,0.4903686232564535,0.8571428571428571
rvlv,RVLV,Revolve Group Inc,dtc_brand,2021,891.39,99.84,480.413,317.014,305.752,200.064,393.0825,258.539,0.11200484636354459,2.267691896739234,1.5203992434410283,0.38616997822378835,1,-0.03813811265461758,10.0,0.42430809087840593,1.0
rvlv,RVLV,Revolve Group Inc,dtc_brand,2022,1101.416,58.697,579.318,379.573,480.413,317.014,529.8655,348.2935,0.0532923073570749,2.0786709079945758,1.521318945085108,0.1685274057655397,1,-0.5062204287905939,13.0,0.6747478345561336,0.9166666666666666
rvlv,RVLV,Revolve Group Inc,dtc_brand,2023,1068.719,28.147,608.886,385.14,579.318,379.573,594.102,382.3565,0.026337138200031997,1.7988813368748129,1.5537907685628465,0.07361454558769107,1,-0.34996854239210196,12.0,0.42358308797979305,0.9090909090909091
rvlv,RVLV,Revolve Group Inc,dtc_brand,2024,1129.911,49.557,665.547,437.785,608.886,385.14,637.2165,411.4625,0.04385920661007814,1.773197963329575,1.5486623932922199,0.12044110945711943,1,-0.1952285804425882,11.0,0.3156696898997076,1.0
sdc,SDC,SmileDirectClub Inc,dtc_brand,2017,145.954,-32.778,,-33.854,,,,,-0.22457760664318893,,,,0,,,,
sdc,SDC,SmileDirectClub Inc,dtc_brand,2018,423.234,-74.771,555.194,298.197,,-33.854,,132.1715,-0.17666586332856057,,,-0.5657119727021331,0,0.23823862596270423,3.0,-0.8039505986648374,0.0
sdc,SDC,SmileDirectClub Inc,dtc_brand,2019,750.428,-114.513,885.645,458.285,555.194,298.197,720.4195,378.241,-0.1525969180254468,1.041654202863748,1.9046573480928826,-0.3027514203907033,1,-0.013600063431292997,4.0,-0.2891513569594103,0.0
sdc,SDC,SmileDirectClub Inc,dtc_brand,2020,656.78,-78.366,884.789,234.138,885.645,458.285,885.217,346.2115,-0.11931849325497122,0.7419423711926002,2.556867695036127,-0.22635296632260915,1,-0.14704822715938792,8.0,-0.07930473916322123,0.14285714285714285
sdc,SDC,SmileDirectClub Inc,dtc_brand,2021,637.611,-102.442,794.558,-134.354,884.789,234.138,839.6735,49.891999999999996,-0.16066535865911974,0.7593558686799096,16.829822416419468,-2.053275074160186,1,-0.03813811265461758,10.0,-2.0151369615055685,0.1111111111111111
sdc,SDC,SmileDirectClub Inc,dtc_brand,2022,470.743,-86.404,597.063,-385.198,794.558,-134.354,695.8105,-259.776,-0.18354813560690228,0.6765390864322972,,,0,-0.5062204287905939,13.0,,
sdc,SDC,SmileDirectClub Inc,dtc_brand,2023,,,,,597.063,-385.198,,,,,,,0,-0.34996854239210196,12.0,,
sdc,SDC,SmileDirectClub Inc,dtc_brand,2024,,,,,,,,,,,,,0,-0.1952285804425882,11.0,,
sfix,SFIX,Stitch Fix Inc,dtc_brand,2017,977.139,-0.594,257.205,61.861,,,,,-0.0006078971364360648,,,,0,,,,
sfix,SFIX,Stitch Fix Inc,dtc_brand,2018,1226.505,44.9,481.585,315.072,257.205,61.861,369.395,188.4665,0.03660808557649581,3.320307529879939,1.9600035019486222,0.23823862596270423,1,0.23823862596270423,3.0,0.0,0.5
sfix,SFIX,Stitch Fix Inc,dtc_brand,2019,1577.558,36.881,616.066,396.0,481.585,315.072,548.8255,355.536,0.023378538221732578,2.8744254776791527,1.5436566198640926,0.1037335178434814,1,-0.013600063431292997,4.0,0.11733358127477439,0.6666666666666666
sfix,SFIX,Stitch Fix Inc,dtc_brand,2020,1711.733,-67.117,769.429,401.037,616.066,396.0,692.7475,398.5185,-0.03920997024652794,2.4709334930836993,1.7383070045681692,-0.16841627176655538,1,-0.14704822715938792,8.0,-0.021368044607167458,0.42857142857142855
sfix,SFIX,Stitch Fix Inc,dtc_brand,2021,2101.258,-8.876,819.149,460.849,769.429,401.037,794.289,430.943,-0.004224136207928774,2.6454577615955905,1.8431416683876987,-0.020596691441791607,1,-0.03813811265461758,10.0,0.01754142121282597,0.5555555555555556
sfix,SFIX,Stitch Fix Inc,dtc_brand,2022,2017.804,-207.121,764.535,322.651,819.149,460.849,791.842,391.75,-0.10264673873180943,2.5482406843789547,2.021294192724952,-0.5287070835992342,1,-0.5062204287905939,13.0,-0.022486654808640316,0.4166666666666667
sfix,SFIX,Stitch Fix Inc,dtc_brand,2023,1592.521,-171.973,614.478,247.31,764.535,322.651,689.5065,284.9805,-0.10798790094447736,2.3096533535216857,2.419486596451336,-0.6034553241362128,1,-0.34996854239210196,12.0,-0.2534867817441109,0.2727272727272727
sfix,SFIX,Stitch Fix Inc,dtc_brand,2024,1337.468,-128.84,486.864,187.022,614.478,247.31,550.6709999999999,217.166,-0.09633127671091944,2.4287968678212586,2.5357146146265985,-0.593278874225247,1,-0.1952285804425882,11.0,-0.3980502937826589,0.3
snbr,SNBR,Sleep Number Corp,dtc_brand,2017,1444.497,65.077,471.834,89.156,,,,,0.04505166850467671,,,,0,,,,
snbr,SNBR,Sleep Number Corp,dtc_brand,2018,1531.575,69.539,470.138,-109.55,471.834,89.156,470.986,-10.196999999999996,0.04540358780993422,3.2518482502664625,,,0,0.23823862596270423,3.0,,
snbr,SNBR,Sleep Number Corp,dtc_brand,2019,1698.352,81.845,806.043,-159.431,470.138,-109.55,638.0905,-134.4905,0.04819083440888579,2.661616181403735,,,0,-0.013600063431292997,4.0,,
snbr,SNBR,Sleep Number Corp,dtc_brand,2020,1856.555,139.189,800.136,-223.978,806.043,-159.431,803.0895,-191.7045,0.07497165448909404,2.311765998683833,,,0,-0.14704822715938792,8.0,,
snbr,SNBR,Sleep Number Corp,dtc_brand,2021,2184.949,153.746,919.54,-424.953,800.136,-223.978,859.838,-324.4655,0.07036594446826906,2.5411170476299025,,,0,-0.03813811265461758,10.0,,
snbr,SNBR,Sleep Number Corp,dtc_brand,2022,2114.297,36.61,953.936,-438.177,919.54,-424.953,936.738,-431.565,0.017315448113486422,2.2570846917708045,,,0,-0.5062204287905939,13.0,,
snbr,SNBR,Sleep Number Corp,dtc_brand,2023,1887.482,-15.287,950.88,-441.928,953.936,-438.177,952.408,-440.0525,-0.008099150084610079,1.9817998168852005,,,0,-0.34996854239210196,12.0,,
snbr,SNBR,Sleep Number Corp,dtc_brand,2024,1682.296,-20.334,860.81,-451.586,950.88,-441.928,905.845,-446.757,-0.012087052456880357,1.8571565775601786,,,0,-0.1952285804425882,11.0,,
tdup,TDUP,ThredUp Inc,marketplace_platform,2017,,,,,,,,,,,,,0,,,,
tdup,TDUP,ThredUp Inc,marketplace_platform,2018,,,,,,,,,,,,,0,0.19426366772291523,7.0,,
tdup,TDUP,ThredUp Inc,marketplace_platform,2019,163.812,-38.197,,-183.241,,,,,-0.2331758357141113,,,,0,0.14396220692039002,8.0,,
tdup,TDUP,ThredUp Inc,marketplace_platform,2020,186.015,-47.877,142.911,-222.177,,-183.241,,-202.709,-0.2573824691557133,,,,0,-0.4332732641761269,10.0,,
tdup,TDUP,ThredUp Inc,marketplace_platform,2021,251.792,-63.176,360.826,205.734,142.911,-222.177,251.8685,-8.221499999999992,-0.25090550930927114,0.9996962700774412,,,0,0.01591399070274655,12.0,,
tdup,TDUP,ThredUp Inc,marketplace_platform,2022,288.379,-92.284,301.948,140.001,360.826,205.734,331.387,172.8675,-0.32000943203215215,0.8702182040937032,1.9170000144619432,-0.533842393740871,1,-0.16998191681735986,11.0,-0.3638604769235111,0.3
tdup,TDUP,ThredUp Inc,marketplace_platform,2023,258.504,-71.248,249.967,103.917,301.948,140.001,275.9575,121.959,-0.275616624887816,0.936752942029117,2.2627071392845135,-0.5841963282742562,1,0.2447037150752226,9.0,-0.8289000433494788,0.125
tdup,TDUP,ThredUp Inc,marketplace_platform,2024,260.031,-76.986,171.225,56.301,249.967,103.917,210.596,80.10900000000001,-0.29606469997807955,1.2347385515394405,2.6288681671222958,-0.9610156162228962,1,0.03620415677994996,9.0,-0.9972197730028461,0.125
vrm,VRM,Vroom Inc,inventory_led_ecommerce,2017,,,,,,,,,,,,,0,,,,
vrm,VRM,Vroom Inc,inventory_led_ecommerce,2018,855.429,-85.178,,-296.866,,,,,-0.099573430407433,,,,0,-0.13470214617836074,4.0,,
vrm,VRM,Vroom Inc,inventory_led_ecommerce,2019,1191.821,-142.978,563.387,-573.852,,-296.866,,-435.359,-0.11996600160594588,,,,0,-0.4163770536023661,4.0,,
vrm,VRM,Vroom Inc,inventory_led_ecommerce,2020,1357.7,-202.799,1724.056,1227.102,563.387,-573.852,1143.7215,326.62500000000006,-0.14936952198571113,1.1870896892294147,3.5016349024110216,-0.6208924607730577,1,-0.3440643863179074,5.0,-0.2768280744551503,0.25
vrm,VRM,Vroom Inc,inventory_led_ecommerce,2021,3184.255,-370.911,2366.75,915.194,1724.056,1227.102,2045.403,1071.1480000000001,-0.11648281937219224,1.5567861198991104,1.9095428456198393,-0.3462742776908513,1,-0.3462742776908513,5.0,0.0,0.5
vrm,VRM,Vroom Inc,inventory_led_ecommerce,2022,1948.901,-451.91,1619.027,479.832,2366.75,915.194,1992.8885,697.5129999999999,-0.23187940280188682,0.9779277666562881,2.85713456236658,-0.6478875662532456,1,-1.0627646318876596,4.0,0.41487706563441396,0.6666666666666666
vrm,VRM,Vroom Inc,inventory_led_ecommerce,2023,893.203,-364.611,1475.422,127.671,1619.027,479.832,1547.2245,303.7515,-0.40820619724743423,0.5772937282210823,5.093718055713305,-1.200359504397509,1,-0.2859960552268245,3.0,-0.9143634491706846,0.0
vrm,VRM,Vroom Inc,inventory_led_ecommerce,2024,,-165.124,1066.696,-30.945,1475.422,127.671,1271.059,48.363,,,26.28164092384674,-3.41426296962554,0,0.4794520547945205,3.0,-3.893715024420061,0.0
w,W,Wayfair Inc,inventory_led_ecommerce,2017,4720.895,-244.614,1213.403,-48.329,,,,,-0.05181517487679772,,,,0,,,,
w,W,Wayfair Inc,inventory_led_ecommerce,2018,6779.174,-504.08,1890.85,-331.0,1213.403,-48.329,1552.1264999999999,-189.6645,-0.07435714144525572,4.367668485783859,,,0,-0.13470214617836074,4.0,,
w,W,Wayfair Inc,inventory_led_ecommerce,2019,9127.0,-985.0,2953.048,-944.0,1890.85,-331.0,2421.9489999999996,-637.5,-0.1079215514407801,3.7684525974741834,,,0,-0.4163770536023661,4.0,,
w,W,Wayfair Inc,inventory_led_ecommerce,2020,14145.0,185.0,4570.0,-1192.0,2953.048,-944.0,3761.524,-1068.0,0.013078826440438318,3.760443905183112,,,0,-0.3440643863179074,5.0,,
w,W,Wayfair Inc,inventory_led_ecommerce,2021,13708.0,-131.0,4570.0,-1619.0,4570.0,-1192.0,4570.0,-1405.5,-0.009556463379048731,2.999562363238512,,,0,-0.3462742776908513,5.0,,
w,W,Wayfair Inc,inventory_led_ecommerce,2022,12218.0,-1331.0,3580.0,-2550.0,4570.0,-1619.0,4075.0,-2084.5,-0.10893763300049109,2.998282208588957,,,0,-1.0627646318876596,4.0,,
w,W,Wayfair Inc,inventory_led_ecommerce,2023,12003.0,-738.0,3474.0,-2707.0,3580.0,-2550.0,3527.0,-2628.5,-0.0614846288427893,3.4031755032605613,,,0,-0.2859960552268245,3.0,,
w,W,Wayfair Inc,inventory_led_ecommerce,2024,11851.0,-492.0,3459.0,-2755.0,3474.0,-2707.0,3466.5,-2731.0,-0.04151548392540714,3.4187220539449013,,,0,0.4794520547945205,3.0,,
wish,WISH,ContextLogic Inc,marketplace_platform,2017,,,,,,,,,,,,,0,,,,
wish,WISH,ContextLogic Inc,marketplace_platform,2018,1728.0,-208.0,,-1287.0,,,,,-0.12037037037037036,,,,0,0.19426366772291523,7.0,,
wish,WISH,ContextLogic Inc,marketplace_platform,2019,1901.0,-129.0,1366.0,-1439.0,,-1287.0,,-1363.0,-0.067859021567596,,,,0,0.14396220692039002,8.0,,
wish,WISH,ContextLogic Inc,marketplace_platform,2020,2541.0,-745.0,2397.0,1027.0,1366.0,-1439.0,1881.5,-206.0,-0.29319165682802045,1.3505182035609886,,,0,-0.4332732641761269,10.0,,
wish,WISH,ContextLogic Inc,marketplace_platform,2021,2085.0,-361.0,1283.0,818.0,2397.0,1027.0,1840.0,922.5,-0.17314148681055155,1.1331521739130435,1.994579945799458,-0.3913279132791328,1,0.01591399070274655,12.0,-0.40724190398187937,0.18181818181818182
wish,WISH,ContextLogic Inc,marketplace_platform,2022,571.0,-384.0,799.0,477.0,1283.0,818.0,1041.0,647.5,-0.6725043782837128,0.5485110470701249,1.6077220077220078,-0.593050193050193,1,-0.16998191681735986,11.0,-0.42306827623283316,0.2
wish,WISH,ContextLogic Inc,marketplace_platform,2023,287.0,-317.0,423.0,217.0,799.0,477.0,611.0,347.0,-1.1045296167247387,0.469721767594108,1.760806916426513,-0.9135446685878963,1,0.2447037150752226,9.0,-1.158248383663119,0.0
wish,WISH,ContextLogic Inc,marketplace_platform,2024,43.0,-75.0,156.0,151.0,423.0,217.0,289.5,184.0,-1.744186046511628,0.14853195164075994,1.5733695652173914,-0.4076086956521739,1,0.03620415677994996,9.0,-0.44381285243212387,0.25
wrby,WRBY,Warby Parker Inc,dtc_brand,2017,,,,,,,,,,,,,0,,,,
wrby,WRBY,Warby Parker Inc,dtc_brand,2018,,,,,,,,,,,,,0,0.23823862596270423,3.0,,
wrby,WRBY,Warby Parker Inc,dtc_brand,2019,370.463,0.0,,-189.453,,,,,0.0,,,,0,-0.013600063431292997,4.0,,
wrby,WRBY,Warby Parker Inc,dtc_brand,2020,393.719,-55.919,444.751,-198.097,,-189.453,,-193.775,-0.14202768979906988,,,,0,-0.14704822715938792,8.0,,
wrby,WRBY,Warby Parker Inc,dtc_brand,2021,540.798,-144.271,440.646,285.998,444.751,-198.097,442.69849999999997,43.95049999999999,-0.2667742854078602,1.2215943808257765,10.072661289405128,-3.282579265309838,1,-0.03813811265461758,10.0,-3.24444115265522,0.0
wrby,WRBY,Warby Parker Inc,dtc_brand,2022,598.112,-110.393,568.707,286.646,440.646,285.998,504.67650000000003,286.322,-0.18456911080199026,1.1851393912734196,1.7626186601099463,-0.3855554236139731,1,-0.5062204287905939,13.0,0.12066500517662082,0.5833333333333334
wrby,WRBY,Warby Parker Inc,dtc_brand,2023,669.765,-63.197,580.312,301.787,568.707,286.646,574.5095,294.2165,-0.09435697595425262,1.1658031764487793,1.9526760055945198,-0.21479760652444715,1,-0.34996854239210196,12.0,0.1351709358676548,0.7272727272727273
wrby,WRBY,Warby Parker Inc,dtc_brand,2024,771.315,-20.39,676.49,340.073,580.312,301.787,628.4010000000001,320.92999999999995,-0.02643537335589221,1.2274248449636458,1.9580625058423962,-0.0635341040102203,1,-0.1952285804425882,11.0,0.1316944764323679,0.6
