company_id,ticker,company_name,formal_peer_group,fiscal_year,prior_fiscal_year,net_margin,asset_turnover,equity_multiplier,roe,average_equity,dupont_valid_flag,observed_prior_fiscal_year,prior_net_margin,prior_asset_turnover,prior_equity_multiplier,prior_roe,prior_average_equity,prior_dupont_valid_flag,transition_valid_flag,roe_change,contribution_margin,contribution_turnover,contribution_multiplier,contribution_sum,dominant_driver,h1_driver_group,leverage_contribution_share,shapley_reconciliation_gap
abnb,ABNB,Airbnb Inc,marketplace_platform,2021,2020,-0.05874499332443257,0.49521686378713875,3.1526184210526313,-0.09171443460135487,3838.0,True,2020,-1.3573120189461219,,,-4.381270903010034,1046.5,False,False,4.289556468408679,,,,,not_available,not_available,,
abnb,ABNB,Airbnb Inc,marketplace_platform,2022,2021,0.2253839742826527,0.5647145834734082,2.8781809385582973,0.36632801161103046,5167.5,True,2021,-0.05874499332443257,0.49521686378713875,3.1526184210526313,-0.09171443460135487,3838.0,True,True,0.4580424462123853,0.45360311011725707,0.017009121762482114,-0.012569785667353858,0.4580424462123853,margin,operating_driven,0.0,0.0
abnb,ABNB,Airbnb Inc,marketplace_platform,2023,2022,0.483210648381567,0.5406864215031486,2.6727140255009108,0.6982877959927141,6862.5,True,2022,0.2253839742826527,0.5647145834734082,2.8781809385582973,0.36632801161103046,5167.5,True,True,0.3319597843816836,0.39560992784504606,-0.02352162452141399,-0.04012851894194856,0.3319597843816835,margin,operating_driven,0.0,1.1102230246251565e-16
abnb,ABNB,Airbnb Inc,marketplace_platform,2024,2023,0.23851558277787785,0.5336986828189597,2.509742414188333,0.3194787959220607,8288.5,True,2023,0.483210648381567,0.5406864215031486,2.6727140255009108,0.6982877959927141,6862.5,True,True,-0.3788090000706534,-0.3406359391097199,-0.006557307148597802,-0.03161575381233568,-0.3788090000706534,margin,mixed_or_ambiguous,,0.0
amzn,AMZN,Amazon.com Inc,inventory_led_ecommerce,2019,2018,0.04130870306072251,1.4463773795037844,3.6729445407114922,0.21945099376000152,52804.5,True,2018,0.04325273630559026,1.5844916620741738,4.125263128350501,0.28271913329029724,35629.0,True,True,-0.06326813953029573,-0.011497095275154494,-0.022779215295255922,-0.02899182895988529,-0.06326813953029571,multiplier,mixed_or_ambiguous,,-1.3877787807814457e-17
amzn,AMZN,Amazon.com Inc,inventory_led_ecommerce,2020,2019,0.05525249699531684,1.4130073950988484,3.5149166366489992,0.2744172284258735,77732.0,True,2019,0.04130870306072251,1.4463773795037844,3.6729445407114922,0.21945099376000152,52804.5,True,True,0.054966234665872,0.07165234157108882,-0.005784136177493512,-0.010901970727723271,0.05496623466587204,margin,operating_driven,0.0,-4.163336342344337e-17
amzn,AMZN,Amazon.com Inc,inventory_led_ecommerce,2021,2020,0.07101412875514557,1.2668036411484285,3.2020168444500086,0.2880564992726064,115824.5,True,2020,0.05525249699531684,1.4130073950988484,3.5149166366489992,0.2744172284258735,77732.0,True,True,0.013639270846732887,0.07098787355016824,-0.03093965993758597,-0.026408942765849434,0.013639270846732835,margin,operating_driven,0.0,5.204170427930421e-17
amzn,AMZN,Amazon.com Inc,inventory_led_ecommerce,2022,2021,-0.005295895000418302,1.163879151834642,3.106793111211166,-0.01914959477712742,142144.0,True,2021,0.07101412875514557,1.2668036411484285,3.2020168444500086,0.2880564992726064,115824.5,True,True,-0.3072060940497338,-0.2926104570952526,-0.010730547598976584,-0.003865089355504646,-0.3072060940497338,margin,mixed_or_ambiguous,,0.0
amzn,AMZN,Amazon.com Inc,inventory_led_ecommerce,2023,2022,0.05293283575597832,1.1605616796681368,2.8470185503480705,0.1748975333268184,173959.0,True,2022,-0.005295895000418302,1.163879151834642,3.106793111211166,-0.01914959477712742,142144.0,True,True,0.1940471281039458,0.20146515165505832,-0.00023104473453329136,-0.007186978816579251,0.19404712810394578,margin,operating_driven,0.0,2.7755575615628914e-17
amzn,AMZN,Amazon.com Inc,inventory_led_ecommerce,2024,2023,0.09287117197186653,1.1068490251121668,2.3629390482632804,0.24289682173641217,243922.5,True,2023,0.05293283575597832,1.1605616796681368,2.8470185503480705,0.1748975333268184,173959.0,True,True,0.06799928840959377,0.11803556302251521,-0.010113935134629104,-0.03992233947829228,0.06799928840959382,margin,operating_driven,0.0,-5.551115123125783e-17
bird,BIRD,Allbirds Inc,dtc_brand,2021,2020,-0.1635119940029985,0.7576316910407497,1.9716767564744802,-0.2442550007133301,185.7485,True,2020,-0.1179228075295491,,,,-17.3125,False,False,,,,,,not_available,not_available,,
bird,BIRD,Allbirds Inc,dtc_brand,2022,2021,-0.34038137329312274,0.6263529495904998,1.3320663572312204,-0.283995051648073,356.8865,True,2021,-0.1635119940029985,0.7576316910407497,1.9716767564744802,-0.2442550007133301,185.7485,True,True,-0.03974005093474289,-0.2034138830580252,0.05339845111986999,0.11027538100341243,-0.039740050934742796,margin,mixed_or_ambiguous,0.6737508346499201,-9.71445146547012e-17
bird,BIRD,Allbirds Inc,dtc_brand,2023,2022,-0.6000747840119655,0.6555932439563446,1.543660799286195,-0.6072838370198647,251.049,True,2022,-0.34038137329312274,0.6263529495904998,1.3320663572312204,-0.283995051648073,356.8865,True,True,-0.3232887853717917,-0.23947561928308486,-0.019903955158989028,-0.06390921092971784,-0.32328878537179173,margin,mixed_or_ambiguous,,5.551115123125783e-17
bird,BIRD,Allbirds Inc,dtc_brand,2024,2023,-0.49177632445706876,0.7566309930141313,1.7475941940114417,-0.6502679311810573,143.507,True,2023,-0.6000747840119655,0.6555932439563446,1.543660799286195,-0.6072838370198647,251.049,True,True,-0.04298409416119264,0.1260284984144349,-0.09058535658059104,-0.07842723599503647,-0.042984094161192615,margin,mixed_or_ambiguous,0.0,-2.7755575615628914e-17
bkng,BKNG,Booking Holdings Inc,marketplace_platform,2019,2018,0.32291251825302003,0.6834357776316088,2.995583639081397,0.6610952575078136,7359.0,True,2018,0.27521167481241826,0.603556441896215,2.401376833283448,0.3988825700887958,10023.0,True,True,0.2622126874190178,0.08301935588104818,0.06465235099645376,0.11454098054151582,0.26221268741901776,multiplier,leverage_driven,0.43682470771705456,5.551115123125783e-17
bkng,BKNG,Booking Holdings Inc,marketplace_platform,2020,2019,0.008681577398469689,0.31407708660689526,3.9974136338444484,0.01089968594125254,5413.0,True,2019,0.32291251825302003,0.6834357776316088,2.995583639081397,0.6610952575078136,7359.0,True,True,-0.650195571566561,-0.5382980162858371,-0.20443091964802726,0.09253336436730338,-0.6501955715665609,margin,mixed_or_ambiguous,1.0,-1.1102230246251565e-16
bkng,BKNG,Booking Holdings Inc,marketplace_platform,2021,2020,0.10631502098923161,0.48151158958585083,4.111191400957456,0.2104597597326348,5535.5,True,2020,0.008681577398469689,0.31407708660689526,3.9974136338444484,0.01089968594125254,5413.0,True,True,0.19956007379138227,0.15761612286186474,0.03918657346674963,0.002757377462767894,0.19956007379138224,margin,operating_driven,0.013817280232369647,2.7755575615628914e-17
bkng,BKNG,Booking Holdings Inc,marketplace_platform,2022,2021,0.1789350497366881,0.6975225500999959,5.468973214285715,0.6825892857142857,4480.0,True,2021,0.10631502098923161,0.48151158958585083,4.111191400957456,0.2104597597326348,5535.5,True,True,0.47212952598165087,0.2068419285074207,0.14935051914409256,0.11593707833013761,0.47212952598165087,margin,operating_driven,0.2455620162477266,0.0
bkng,BKNG,Booking Holdings Inc,marketplace_platform,2023,2022,0.2007488883688275,0.8597066575458222,1307.9736842105262,225.73684210526315,19.0,True,2022,0.1789350497366881,0.6975225500999959,5.468973214285715,0.6825892857142857,4480.0,True,True,225.05425281954888,11.538137948291766,20.604029430594075,192.91208544066296,225.05425281954882,multiplier,leverage_driven,0.8571803599523274,5.684341886080802e-14
bkng,BKNG,Booking Holdings Inc,marketplace_platform,2024,2023,0.24777791819368972,0.9121613832853026,,,-3382.0,False,2023,0.2007488883688275,0.8597066575458222,1307.9736842105262,225.73684210526315,19.0,True,False,,,,,,not_available,not_available,,
byon,BYON,Bed Bath & Beyond Inc,inventory_led_ecommerce,2019,2018,-0.08490815861472055,3.2652153829700574,2.2620540918929075,-0.6271396254384769,194.2805,True,2018,-0.11312632027369465,4.070442016727856,2.337947229703079,-1.0765642101303716,191.41449999999998,True,True,0.4494245846918947,0.23819235348199475,0.1835257887634443,0.027706442446455613,0.4494245846918946,margin,operating_driven,0.06164870234112785,1.1102230246251565e-16
byon,BYON,Bed Bath & Beyond Inc,inventory_led_ecommerce,2020,2019,0.022455055605343405,3.996847607378874,2.0318782248229756,0.18235992321481775,307.0905,True,2019,-0.08490815861472055,3.2652153829700574,2.2620540918929075,-0.6271396254384769,194.2805,True,True,0.8094995486532947,0.8354648956240516,-0.05055704345558504,0.024591696484828025,0.8094995486532945,margin,operating_driven,0.02859311434905532,1.1102230246251565e-16
byon,BYON,Bed Bath & Beyond Inc,inventory_led_ecommerce,2021,2020,0.14125870777080343,2.907367444019028,1.6059631815379194,0.6595545738503548,590.356,True,2020,0.022455055605343405,3.996847607378874,2.0318782248229756,0.18235992321481775,307.0905,True,True,0.477194650635537,0.7505751808374878,-0.15761998508791605,-0.11576054511403466,0.477194650635537,margin,operating_driven,0.0,0.0
byon,BYON,Bed Bath & Beyond Inc,inventory_led_ecommerce,2022,2021,-0.018263297075571155,1.9843888852318732,1.3987161670306398,-0.05069154920256766,695.106,True,2021,0.14125870777080343,2.907367444019028,1.6059631815379194,0.6595545738503548,590.356,True,True,-0.7102461230529225,-0.5887127978633273,-0.08781723882901243,-0.03371608636058267,-0.7102461230529223,margin,mixed_or_ambiguous,,-1.1102230246251565e-16
byon,BYON,Bed Bath & Beyond Inc,inventory_led_ecommerce,2023,2022,-0.1971927882638256,2.061752656560774,1.5068928253718066,-0.6126464986596454,502.47900000000004,True,2022,-0.018263297075571155,1.9843888852318732,1.3987161670306398,-0.05069154920256766,695.106,True,True,-0.5619549494570777,-0.5260211632878135,-0.01223282019845052,-0.023700965970813802,-0.5619549494570778,margin,mixed_or_ambiguous,,1.1102230246251565e-16
byon,BYON,Bed Bath & Beyond Inc,inventory_led_ecommerce,2024,2023,-0.1855209166688173,2.688382419259722,1.9885870648291506,-0.9918101267763249,260.932,True,2023,-0.1971927882638256,2.061752656560774,1.5068928253718066,-0.6126464986596454,502.47900000000004,True,True,-0.3791636281166795,0.04874353407259708,-0.20927773006988515,-0.21862943211939145,-0.37916362811667953,multiplier,mixed_or_ambiguous,0.0,5.551115123125783e-17
cars,CARS,Cars.com Inc,marketplace_platform,2019,2018,-0.7340319969934825,0.2621483232293553,1.6721658415796872,-0.3217669421613004,1383.9955,True,2018,0.05861262265396216,0.2590690016488027,1.5461310185475057,0.02347755675880378,1653.0255,True,True,-0.3452444989201042,-0.33242751384237557,-0.001699015933415024,-0.011117969144313575,-0.34524449892010417,margin,mixed_or_ambiguous,,-5.551115123125783e-17
cars,CARS,Cars.com Inc,marketplace_platform,2020,2019,-1.4412816002834687,0.35280630910882904,2.0564429673389175,-1.0456873510029432,754.629,True,2019,-0.7340319969934825,0.2621483232293553,1.6721658415796872,-0.3217669421613004,1383.9955,True,True,-0.7239204088416428,-0.4074708711001047,-0.18588256687089533,-0.13056697087064276,-0.7239204088416428,margin,mixed_or_ambiguous,,0.0
cars,CARS,Cars.com Inc,marketplace_platform,2021,2020,0.01730205889851094,0.598855355254194,2.7184675219587318,0.028167212644053197,383.105,True,2020,-1.4412816002834687,0.35280630910882904,2.0564429673389175,-1.0456873510029432,754.629,True,True,1.0738545636469965,1.6767863525345617,-0.3984458042773262,-0.20448598461023948,1.073854563646996,margin,operating_driven,0.0,4.440892098500626e-16
cars,CARS,Cars.com Inc,marketplace_platform,2022,2021,0.026313857673320323,0.6435549868976294,2.597066905233561,0.04397980701642277,391.225,True,2021,0.01730205889851094,0.598855355254194,2.7184675219587318,0.028167212644053197,383.105,True,True,0.015812594372369572,0.014874573369993958,0.00258673669296694,-0.0016487156905913214,0.015812594372369575,margin,operating_driven,0.0,-3.469446951953614e-18
cars,CARS,Cars.com Inc,marketplace_platform,2023,2022,0.17185856296513408,0.627294443819946,2.5068154489594288,0.2702495499339447,438.269,True,2022,0.026313857673320323,0.6435549868976294,2.597066905233561,0.04397980701642277,391.225,True,True,0.22626974291752192,0.23602821714317604,-0.004093877012047805,-0.005664597213606337,0.2262697429175219,margin,operating_driven,0.0,2.7755575615628914e-17
cars,CARS,Cars.com Inc,marketplace_platform,2024,2023,0.06700669677620308,0.6296437354934566,2.2761358439128214,0.09603096075799651,501.79650000000004,True,2023,0.17185856296513408,0.627294443819946,2.5068154489594288,0.2702495499339447,438.269,True,True,-0.17421858917594818,-0.15758431917253227,0.0006757404478510868,-0.01731001045126695,-0.17421858917594812,margin,mixed_or_ambiguous,0.0,-5.551115123125783e-17
chwy,CHWY,Chewy Inc,inventory_led_ecommerce,2019,2018,-0.05207001897975609,6.5765677505846565,,,-369.95799999999997,False,2018,-0.07582857629717986,,,,-209.8225,False,False,,,,,,not_available,not_available,,
chwy,CHWY,Chewy Inc,inventory_led_ecommerce,2020,2019,-0.012941867246997873,5.346536831272718,,,-229.47199999999998,False,2019,-0.05207001897975609,6.5765677505846565,,,-369.95799999999997,False,False,,,,,,not_available,not_available,,
chwy,CHWY,Chewy Inc,inventory_led_ecommerce,2021,2020,-0.008386705320724263,4.686155982285702,,,-47.295,False,2020,-0.012941867246997873,5.346536831272718,,,-229.47199999999998,False,False,,,,,,not_available,not_available,,
chwy,CHWY,Chewy Inc,inventory_led_ecommerce,2022,2021,0.004931218499851764,4.393739691656649,38.167873715611535,0.8269638713954259,60.34,True,2021,-0.008386705320724263,4.686155982285702,,,-47.295,False,False,,,,,,not_available,not_available,,
chwy,CHWY,Chewy Inc,inventory_led_ecommerce,2023,2022,0.0035523022686294032,3.9069026081589806,8.509795705338503,0.1181031911720847,335.3,True,2022,0.004931218499851764,4.393739691656649,38.167873715611535,0.8269638713954259,60.34,True,True,-0.7088606802233413,-0.1352260130321151,-0.04985491418969137,-0.5237797530015348,-0.7088606802233413,multiplier,mixed_or_ambiguous,,0.0
chwy,CHWY,Chewy Inc,inventory_led_ecommerce,2024,2023,0.033107669479736625,3.8253922411422923,8.034919668307854,1.0176211453744495,385.9,True,2023,0.0035523022686294032,3.9069026081589806,8.509795705338503,0.1181031911720847,335.3,True,True,0.8995179542023648,0.9453396505983361,-0.01226426214832244,-0.03355743424764915,0.8995179542023646,margin,operating_driven,0.0,2.220446049250313e-16
cvna,CVNA,Carvana Co,inventory_led_ecommerce,2019,2018,-0.02918781725888325,2.584656521124483,7.276279236276849,-0.548926014319809,209.5,True,2018,-0.02836969378670159,2.3961853996262596,3.2221287785463852,-0.21903724059509144,253.272,True,True,-0.3298887737247176,-0.01074719871446833,-0.028523588639939205,-0.29061798637031006,-0.3298887737247176,multiplier,mixed_or_ambiguous,,0.0
cvna,CVNA,Carvana Co,inventory_led_ecommerce,2020,2019,-0.030606765706103455,2.194100316764152,5.123488933601609,-0.3440643863179074,497.0,True,2019,-0.02918781725888325,2.584656521124483,7.276279236276849,-0.548926014319809,209.5,True,True,0.2048616280019016,-0.02111953603103495,0.07229397785188019,0.15368718618105634,0.20486162800190158,multiplier,leverage_driven,0.6800884792267757,2.7755575615628914e-17
cvna,CVNA,Carvana Co,inventory_led_ecommerce,2021,2020,-0.010535351958795068,2.550049751243781,7.573474001507159,-0.20346646571213264,663.5,True,2020,-0.030606765706103455,2.194100316764152,5.123488933601609,-0.3440643863179074,497.0,True,True,0.14059792060577478,0.30371555394650335,-0.04502657017655333,-0.11809106316417517,0.14059792060577486,margin,operating_driven,0.0,-8.326672684688674e-17
cvna,CVNA,Carvana Co,inventory_led_ecommerce,2022,2021,-0.11665686562775654,1.7315598548972189,,,-264.0,False,2021,-0.010535351958795068,2.550049751243781,7.573474001507159,-0.20346646571213264,663.5,True,False,,,,,,not_available,not_available,,
cvna,CVNA,Carvana Co,inventory_led_ecommerce,2023,2022,0.04177885061739857,1.3660980404591287,,,-718.5,False,2022,-0.11665686562775654,1.7315598548972189,,,-264.0,False,False,,,,,,not_available,not_available,,
cvna,CVNA,Carvana Co,inventory_led_ecommerce,2024,2023,0.015358736195421633,1.7580199292831886,17.756849315068493,0.4794520547945205,438.0,True,2023,0.04177885061739857,1.3660980404591287,,,-718.5,False,False,,,,,,not_available,not_available,,
dash,DASH,DoorDash Inc,marketplace_platform,2020,2019,-0.15973665973665974,0.7139146567717997,2.2346600331674957,-0.25483692647871753,1809.0,True,2019,-0.7536723163841808,,,,-759.0,False,False,,,,,,not_available,not_available,,
dash,DASH,DoorDash Inc,marketplace_platform,2021,2020,-0.09574468085106383,0.7427442637896976,1.4051457243514465,-0.09992526956336073,4683.5,True,2020,-0.15973665973665974,0.7139146567717997,2.2346600331674957,-0.25483692647871753,1809.0,True,True,0.1549116569153568,0.08469312811844303,-0.006829708977818271,0.07704823777473205,0.1549116569153568,margin,operating_driven,0.47636692907379,0.0
dash,DASH,DoorDash Inc,marketplace_platform,2022,2021,-0.20735227100106335,0.7932280997710568,1.4532878031696,-0.2390333596007355,5710.5,True,2021,-0.09574468085106383,0.7427442637896976,1.4051457243514465,-0.09992526956336073,4683.5,True,True,-0.13910809003737476,-0.12252518506596873,-0.010957182098873057,-0.0056257228725330125,-0.1391080900373748,margin,mixed_or_ambiguous,,2.7755575615628914e-17
dash,DASH,DoorDash Inc,marketplace_platform,2023,2022,-0.06462072958888246,0.837211557106845,1.5212389380530973,-0.08230088495575222,6780.0,True,2022,-0.20735227100106335,0.7932280997710568,1.4532878031696,-0.2390333596007355,5710.5,True,True,0.15673247464498327,0.1730899194340433,-0.008860006090944273,-0.007497438698115742,0.15673247464498327,margin,operating_driven,0.0,0.0
dash,DASH,DoorDash Inc,marketplace_platform,2024,2023,0.011471740346950195,0.9054213815233914,1.6211924156341981,0.016838934903141898,7304.5,True,2023,-0.06462072958888246,0.837211557106845,1.5212389380530973,-0.08230088495575222,6780.0,True,True,0.09913981985889411,0.10421580905218578,-0.002804818922509005,-0.0022711702707826635,0.09913981985889411,margin,operating_driven,0.0,0.0
ebay,EBAY,eBay Inc,marketplace_platform,2019,2018,0.24040920716112532,0.362452125972727,4.479619713692492,0.39033985356791606,4575.5,True,2018,0.292485549132948,0.35447187788136464,3.405792044661549,0.3531053733426378,7165.0,True,True,0.037234480225278255,-0.07363721613096434,0.008346250675076135,0.10252544568116637,0.03723448022527816,multiplier,leverage_driven,0.9247215389556344,9.71445146547012e-17
ebay,EBAY,eBay Inc,marketplace_platform,2020,2019,0.6371711266022038,0.4745491409668125,5.828642512828487,1.762400870782149,3215.5,True,2019,0.24040920716112532,0.362452125972727,4.479619713692492,0.39033985356791606,4575.5,True,True,1.372061017214233,0.8608182001827801,0.2585165058175392,0.2527263112139135,1.372061017214233,margin,operating_driven,0.18419465901526516,0.0
ebay,EBAY,eBay Inc,marketplace_platform,2021,2020,1.3059500959692898,0.45367467781260884,3.4437364120248892,2.0403328585351224,6669.5,True,2020,0.6371711266022038,0.4745491409668125,5.828642512828487,1.762400870782149,3215.5,True,True,0.27793198775297334,1.4417934141965267,-0.09125113926295647,-1.072610287180597,0.27793198775297334,margin,operating_driven,0.0,0.0
ebay,EBAY,eBay Inc,marketplace_platform,2022,2021,-0.12955589586523736,0.4126295391355632,3.179693255642623,-0.16998191681735986,7465.5,True,2021,1.3059500959692898,0.45367467781260884,3.4437364120248892,2.0403328585351224,6669.5,True,True,-2.210314775352482,-2.060495734429702,-0.08124997483728187,-0.06856906608549855,-2.210314775352482,margin,mixed_or_ambiguous,,0.0
ebay,EBAY,eBay Inc,marketplace_platform,2023,2022,0.27363528481012656,0.47619496114904636,3.6773746644731147,0.47917568620659795,5774.5,True,2022,-0.12955589586523736,0.4126295391355632,3.179693255642623,-0.16998191681735986,7465.5,True,True,0.6491576030239579,0.6153982666717642,0.01676298163986844,0.016996354712325048,0.6491576030239578,margin,operating_driven,0.026182169989462146,1.1102230246251565e-16
ebay,EBAY,eBay Inc,marketplace_platform,2024,2023,0.19206457259554605,0.501793339026473,3.54725636143327,0.34187294443482774,5777.0,True,2023,0.27363528481012656,0.47619496114904636,3.6773746644731147,0.47917568620659795,5774.5,True,True,-0.1373027417717702,-0.14406395876745626,0.021554138704686504,-0.014792921709000406,-0.13730274177177015,margin,mixed_or_ambiguous,0.0,-5.551115123125783e-17
etsy,ETSY,Etsy Inc,marketplace_platform,2019,2018,0.11717553847300578,0.6696489612360348,3.026756834404085,0.23749894741013358,403.766,True,2018,0.12836160101243513,0.8009544696484224,1.8895075408126427,0.19426366772291523,398.896,True,True,0.04323527968721835,-0.020079260674990704,-0.03948635807929918,0.1028008984415082,0.043235279687218325,multiplier,leverage_driven,1.0,2.7755575615628914e-17
etsy,ETSY,Etsy Inc,marketplace_platform,2020,2019,0.20238812024628758,0.8744335026417329,3.4348492417267016,0.6078822827046154,574.529,True,2019,0.11717553847300578,0.6696489612360348,3.026756834404085,0.23749894741013358,403.766,True,True,0.37038333529448186,0.21314030575493978,0.1063080590673949,0.05093497047214714,0.3703833352944818,margin,operating_driven,0.13751960636039448,5.551115123125783e-17
etsy,ETSY,Etsy Inc,marketplace_platform,2021,2020,0.21188615069936464,0.7469540422859844,4.548579439156905,0.71990010524834,685.5215000000001,True,2020,0.20238812024628758,0.8744335026417329,3.4348492417267016,0.6078822827046154,574.529,True,True,0.11201782254372461,0.030623801296604476,-0.10551650783689756,0.18691052908401776,0.11201782254372467,multiplier,leverage_driven,0.8592231339162804,-5.551115123125783e-17
etsy,ETSY,Etsy Inc,marketplace_platform,2022,2021,-0.2705603927499629,0.7936298956047608,79.49806380232341,-17.07020714241809,40.672500000000014,True,2021,0.21188615069936464,0.7469540422859844,4.548579439156905,0.71990010524834,685.5215000000001,True,True,-17.79010724766643,-15.757550681034738,-0.19819049220729562,-1.8343660744243941,-17.790107247666427,margin,mixed_or_ambiguous,,-3.552713678800501e-15
etsy,ETSY,Etsy Inc,marketplace_platform,2023,2022,0.11190895572186785,1.0331543291893164,,,-545.4945,False,2022,-0.2705603927499629,0.7936298956047608,79.49806380232341,-17.07020714241809,40.672500000000014,True,False,,,,,,not_available,not_available,,
etsy,ETSY,Etsy Inc,marketplace_platform,2024,2023,0.10799328569414159,1.1006199661309353,,,-651.2905000000001,False,2023,0.11190895572186785,1.0331543291893164,,,-545.4945,False,False,,,,,,not_available,not_available,,
expe,EXPE,Expedia Group Inc,marketplace_platform,2019,2018,0.04682191099693379,0.6117772313620117,3.5263251988915707,0.10101010101010101,5593.5,True,2018,0.03617571059431524,0.6141344496429451,3.1026315789473684,0.06893039049235994,5890.0,True,True,0.03207971051774107,0.021628242207587307,-0.0003251141584356056,0.010776582468589382,0.032079710517741084,margin,operating_driven,0.33256104843276896,-1.3877787807814457e-17
expe,EXPE,Expedia Group Inc,marketplace_platform,2020,2019,-0.5024043085208694,0.25926295317408865,4.696252927400469,-0.6117096018735363,4270.0,True,2019,0.04682191099693379,0.6117772313620117,3.5263251988915707,0.10101010101010101,5593.5,True,True,-0.7127197028836373,-0.9645406366226763,0.3490108900389086,-0.09718995629986954,-0.7127197028836372,margin,mixed_or_ambiguous,0.0,-1.1102230246251565e-16
expe,EXPE,Expedia Group Inc,marketplace_platform,2021,2020,0.0013956734124214933,0.4273572245141409,6.1375838926174495,0.0036607687614399025,3278.0,True,2020,-0.5024043085208694,0.25926295317408865,4.696252927400469,-0.6117096018735363,4270.0,True,True,0.6153703706349762,0.947079830851651,-0.2179257463630465,-0.11378371385362823,0.6153703706349762,margin,operating_driven,0.0,0.0
expe,EXPE,Expedia Group Inc,marketplace_platform,2022,2021,0.03017056655524128,0.5412790832540769,5.921565934065934,0.0967032967032967,3640.0,True,2021,0.0013956734124214933,0.4273572245141409,6.1375838926174495,0.0036607687614399025,3278.0,True,True,0.0930425279418568,0.08397037023717119,0.01078242062535363,-0.0017102629206680044,0.09304252794185681,margin,operating_driven,0.0,-1.3877787807814457e-17
expe,EXPE,Expedia Group Inc,marketplace_platform,2023,2022,0.062076485707609624,0.5943568733652755,6.632330365366902,0.2447037150752226,3257.0,True,2022,0.03017056655524128,0.5412790832540769,5.921565934065934,0.0967032967032967,3640.0,True,True,0.1480004183719259,0.1138182350699474,0.015467121823620238,0.01871506147835821,0.14800041837192585,margin,operating_driven,0.12645276063562982,5.551115123125783e-17
expe,EXPE,Expedia Group Inc,marketplace_platform,2024,2023,0.09013220363742605,0.6218941630706336,10.138153350218742,0.5682707805664288,2171.5,True,2023,0.062076485707609624,0.5943568733652755,6.632330365366902,0.2447037150752226,3257.0,True,True,0.3235670654912062,0.14328965897324009,0.01779872357272088,0.16247868294524515,0.3235670654912061,multiplier,leverage_driven,0.5021483960321697,5.551115123125783e-17
figs,FIGS,FIGS Inc,dtc_brand,2021,2020,-0.02277455903486967,1.8832376583798245,1.2981966496722506,-0.05567953386744355,171.625,True,2020,0.18911338137371156,,,0.7291030177813922,68.2455,False,False,-0.7847825516488357,,,,,not_available,not_available,,
figs,FIGS,FIGS Inc,dtc_brand,2022,2021,0.04188322279004023,1.4313080509044092,1.277425756173732,0.07657885605228153,276.656,True,2021,-0.02277455903486967,1.8832376583798245,1.2981966496722506,-0.05567953386744355,171.625,True,True,0.13225838991972508,0.13804674340774586,-0.005510042810575092,-0.0002783106774456919,0.13225838991972508,margin,operating_driven,0.0,0.0
figs,FIGS,FIGS Inc,dtc_brand,2023,2022,0.041486604868357875,1.256853547213837,1.2683128125050214,0.06613311052324826,342.29449999999997,True,2022,0.04188322279004023,1.4313080509044092,1.277425756173732,0.07657885605228153,276.656,True,True,-0.010445745529033268,-0.000678602018941014,-0.009256511938724602,-0.000510631571367671,-0.010445745529033287,turnover,mixed_or_ambiguous,,1.9081958235744878e-17
figs,FIGS,FIGS Inc,dtc_brand,2024,2023,0.004895978457694786,1.1303362373804167,1.3037393465626501,0.007215026353414273,376.991,True,2023,0.041486604868357875,1.256853547213837,1.2683128125050214,0.06613311052324826,342.29449999999997,True,True,-0.05891808416983399,-0.05615273103541932,-0.0037596620931396882,0.0009943089587250305,-0.058918084169833976,margin,mixed_or_ambiguous,1.0,-1.3877787807814457e-17
love,LOVE,Lovesac Company,dtc_brand,2019,2018,-0.04041658777239968,2.2652831950567283,1.430108899311271,-0.1309336447060674,51.2042265,True,2018,-0.05403963934416021,,,,,False,False,,,,,,not_available,not_available,,
love,LOVE,Lovesac Company,dtc_brand,2020,2019,-0.06515209296545932,2.023399952813894,1.3655650258990675,-0.18002071925410684,84.4625,True,2019,-0.04041658777239968,2.2652831950567283,1.430108899311271,-0.1309336447060674,51.2042265,True,True,-0.049087074548039455,-0.07417537158145074,0.01781490838459686,0.007273388648814426,-0.049087074548039455,margin,mixed_or_ambiguous,0.2899116125390299,0.0
love,LOVE,Lovesac Company,dtc_brand,2021,2020,0.045915981268200214,2.1621613094905507,1.497633868582188,0.14868173305536064,99.0505,True,2020,-0.06515209296545932,2.023399952813894,1.3655650258990675,-0.18002071925410684,84.4625,True,True,0.3287024523094675,0.3329321909678771,-0.0017410134091861088,-0.0024887252492234837,0.3287024523094675,margin,operating_driven,0.0,0.0
love,LOVE,Lovesac Company,dtc_brand,2022,2021,0.09531168776430589,1.8449777172131978,2.0322960565924144,0.35737507525587,132.88,True,2021,0.045915981268200214,2.1621613094905507,1.497633868582188,0.14868173305536064,99.0505,True,True,0.20869334220050934,0.1739765100876094,-0.040228959121009614,0.07494579123390947,0.20869334220050928,margin,operating_driven,0.30108106359303755,5.551115123125783e-17
love,LOVE,Lovesac Company,dtc_brand,2023,2022,0.040676987433562815,1.6746062156845094,2.2162789107116394,0.1509683449793108,175.454,True,2022,0.09531168776430589,1.8449777172131978,2.0322960565924144,0.35737507525587,132.88,True,True,-0.20640673027655917,-0.20409840904518098,-0.02446566558593605,0.022157344354557903,-0.20640673027655912,margin,mixed_or_ambiguous,1.0,-5.551115123125783e-17
love,LOVE,Lovesac Company,dtc_brand,2024,2023,0.03407424332217089,1.5722053960121507,2.169575488930563,0.11622786721547042,205.29500000000002,True,2023,0.040676987433562815,1.6746062156845094,2.2162789107116394,0.1509683449793108,175.454,True,True,-0.034740477763840386,-0.023508471454203192,-0.008395607799184721,-0.0028363985104524697,-0.03474047776384038,margin,mixed_or_ambiguous,,-6.938893903907228e-18
pton,PTON,Peloton Interactive Inc,dtc_brand,2020,2019,-0.03921353852894462,0.9494319215869796,3.375724065297525,-0.12568018255222044,569.7,True,2019,-0.21377049180327867,,,,-427.1,False,False,,,,,,not_available,not_available,,
pton,PTON,Peloton Interactive Inc,dtc_brand,2021,2020,-0.04699388333581978,1.0771620644400997,2.175752454765304,-0.11013665102998164,1716.05,True,2020,-0.03921353852894462,0.9494319215869796,3.375724065297525,-0.12568018255222044,569.7,True,True,0.015543531522238793,-0.021783989182982355,-0.015182848246837601,0.052510368952058746,0.015543531522238786,multiplier,leverage_driven,1.0,6.938893903907228e-18
pton,PTON,Peloton Interactive Inc,dtc_brand,2022,2021,-0.7893972809245973,0.8414512397082486,3.6276523221133363,-2.409629314017895,1173.5,True,2021,-0.04699388333581978,1.0771620644400997,2.175752454765304,-0.11013665102998164,1716.05,True,True,-2.2994926629879133,-2.0453980956468776,0.3072027984199499,-0.5612973657609857,-2.2994926629879133,margin,mixed_or_ambiguous,0.0,0.0
pton,PTON,Peloton Interactive Inc,dtc_brand,2023,2022,-0.45057495893150495,0.8238790161233376,22.82605775688382,-8.473472128945602,148.89999999999998,True,2022,-0.7893972809245973,0.8414512397082486,3.6276523221133363,-2.409629314017895,1173.5,True,True,-6.063842814927707,3.722108128400155,0.13457504404543175,-9.920525987373296,-6.063842814927709,multiplier,mixed_or_ambiguous,0.0,1.7763568394002505e-15
pton,PTON,Peloton Interactive Inc,dtc_brand,2024,2023,-0.20436956119237176,1.090164099872838,,,-407.1,False,2023,-0.45057495893150495,0.8238790161233376,22.82605775688382,-8.473472128945602,148.89999999999998,True,False,,,,,,not_available,not_available,,
qvcga,QVCGA,QVC Group Inc,inventory_led_ecommerce,2019,2018,-0.03388319215336603,0.7658339498093666,3.290823970037453,-0.0853932584269663,5340.0,True,2018,0.06510305614783227,0.6705907585253675,2.651355278953687,0.1157515637834081,7913.5,True,True,-0.20114482221037439,-0.2117265064839193,0.00391484023830152,0.006666844035243408,-0.20114482221037439,margin,mixed_or_ambiguous,0.6300361892209411,0.0
qvcga,QVCGA,QVC Group Inc,inventory_led_ecommerce,2020,2019,0.08436199478027792,0.8265508395522388,3.9772753623188404,0.2773333333333333,4312.5,True,2019,-0.03388319215336603,0.7658339498093666,3.290823970037453,-0.0853932584269663,5340.0,True,True,0.36272659176029964,0.34254164085971284,0.005979725291939764,0.014205225608646977,0.36272659176029953,margin,operating_driven,0.0391623496356016,1.1102230246251565e-16
qvcga,QVCGA,QVC Group Inc,inventory_led_ecommerce,2021,2020,0.0242096268869268,0.8459986144995633,4.973932584269663,0.10187265917602996,3337.5,True,2020,0.08436199478027792,0.8265508395522388,3.9772753623188404,0.2773333333333333,4312.5,True,True,-0.17546067415730338,-0.22523751720514434,0.004627906289540878,0.0451489367583001,-0.17546067415730338,margin,mixed_or_ambiguous,0.9070269224367452,0.0
qvcga,QVCGA,QVC Group Inc,inventory_led_ecommerce,2022,2021,-0.21427391376177102,0.8414833350710735,8.195101110794646,-1.4776416975220734,1755.5,True,2021,0.0242096268869268,0.8459986144995633,4.973932584269663,0.10187265917602996,3337.5,True,True,-1.5795143566981034,-1.324636465705628,0.003114445844664756,-0.25799233683714007,-1.5795143566981031,margin,mixed_or_ambiguous,0.0,-2.220446049250313e-16
qvcga,QVCGA,QVC Group Inc,inventory_led_ecommerce,2023,2022,-0.013284470911589555,0.9119010819165378,23.608481262327416,-0.2859960552268245,507.0,True,2022,-0.21427391376177102,0.8414833350710735,8.195101110794646,-1.4776416975220734,1755.5,True,True,1.1916456422952488,2.82016817110643,-0.10922724870142497,-1.5192952801097566,1.1916456422952486,margin,operating_driven,0.0,2.220446049250313e-16
qvcga,QVCGA,QVC Group Inc,inventory_led_ecommerce,2024,2023,-0.12852445949985056,0.9739459511911115,,,-241.0,False,2023,-0.013284470911589555,0.9119010819165378,23.608481262327416,-0.2859960552268245,507.0,True,False,,,,,,not_available,not_available,,
rvlv,RVLV,Revolve Group Inc,dtc_brand,2019,2018,0.059346781077317036,3.047910052641722,1.8727336619464154,0.3387469014445679,105.291,True,2018,0.06152516646983693,,,0.4801808991753126,63.903,False,False,-0.14143399773074466,,,,,not_available,not_available,,
rvlv,RVLV,Revolve Group Inc,dtc_brand,2020,2019,0.09780435340455249,2.1583779704930097,1.626349643923731,0.34332039609706555,165.414,True,2019,0.059346781077317036,3.047910052641722,1.8727336619464154,0.3387469014445679,105.291,True,True,0.004573494652497623,0.17585004728821602,-0.12158268323535754,-0.049693869400360885,0.004573494652497595,margin,operating_driven,0.0,2.7755575615628914e-17
rvlv,RVLV,Revolve Group Inc,dtc_brand,2021,2020,0.11200484636354459,2.267691896739234,1.5203992434410283,0.38616997822378835,258.539,True,2020,0.09780435340455249,2.1583779704930097,1.626349643923731,0.34332039609706555,165.414,True,True,0.042849582126722796,0.04943145380689134,0.018029018777178978,-0.02461089045734756,0.042849582126722754,margin,operating_driven,0.0,4.163336342344337e-17
rvlv,RVLV,Revolve Group Inc,dtc_brand,2022,2021,0.0532923073570749,2.0786709079945758,1.521318945085108,0.1685274057655397,348.2935,True,2021,0.11200484636354459,2.267691896739234,1.5203992434410283,0.38616997822378835,258.539,True,True,-0.21764257245824864,-0.194050120588219,-0.02375849036760965,0.00016603849758004973,-0.2176425724582486,margin,mixed_or_ambiguous,1.0,-2.7755575615628914e-17
rvlv,RVLV,Revolve Group Inc,dtc_brand,2023,2022,0.026337138200031997,1.7988813368748129,1.5537907685628465,0.07361454558769107,382.3565,True,2022,0.0532923073570749,2.0786709079945758,1.521318945085108,0.1685274057655397,348.2935,True,True,-0.09491286017784864,-0.08033226783138964,-0.017107559881776552,0.002526967535317537,-0.09491286017784865,margin,mixed_or_ambiguous,1.0,1.3877787807814457e-17
rvlv,RVLV,Revolve Group Inc,dtc_brand,2024,2023,0.04385920661007814,1.773197963329575,1.5486623932922199,0.12044110945711943,411.4625,True,2023,0.026337138200031997,1.7988813368748129,1.5537907685628465,0.07361454558769107,382.3565,True,True,0.046826563869428364,0.048545997153677516,-0.001398144545936725,-0.0003212887383124321,0.04682656386942836,margin,operating_driven,0.0,6.938893903907228e-18
sfix,SFIX,Stitch Fix Inc,dtc_brand,2019,2018,0.023378538221732578,2.8744254776791527,1.5436566198640926,0.1037335178434814,355.536,True,2018,0.03660808557649581,3.320307529879939,1.9600035019486222,0.23823862596270423,188.4665,True,True,-0.13450510811922284,-0.07198897728912763,-0.023632726204182587,-0.03888340462591262,-0.13450510811922284,margin,mixed_or_ambiguous,,0.0
sfix,SFIX,Stitch Fix Inc,dtc_brand,2020,2019,-0.03920997024652794,2.4709334930836993,1.7383070045681692,-0.16841627176655538,398.5185,True,2019,0.023378538221732578,2.8744254776791527,1.5436566198640926,0.1037335178434814,355.536,True,True,-0.2721497896100368,-0.27409219254801,0.00565081880738435,-0.0037084158694110957,-0.2721497896100368,margin,mixed_or_ambiguous,0.0,0.0
sfix,SFIX,Stitch Fix Inc,dtc_brand,2021,2020,-0.004224136207928774,2.6454577615955905,1.8431416683876987,-0.020596691441791607,430.943,True,2020,-0.03920997024652794,2.4709334930836993,1.7383070045681692,-0.16841627176655538,398.5185,True,True,0.14781958032476378,0.16032425855753873,-0.00673377661164724,-0.0057709016211277,0.1478195803247638,margin,operating_driven,0.0,-2.7755575615628914e-17
sfix,SFIX,Stitch Fix Inc,dtc_brand,2022,2021,-0.10264673873180943,2.5482406843789547,2.021294192724952,-0.5287070835992342,391.75,True,2021,-0.004224136207928774,2.6454577615955905,1.8431416683876987,-0.020596691441791607,430.943,True,True,-0.5081103921574426,-0.49371093729401644,0.010179609552747926,-0.024579064416174082,-0.5081103921574426,margin,mixed_or_ambiguous,0.0,0.0
sfix,SFIX,Stitch Fix Inc,dtc_brand,2023,2022,-0.10798790094447736,2.3096533535216857,2.419486596451336,-0.6034553241362128,284.9805,True,2022,-0.10264673873180943,2.5482406843789547,2.021294192724952,-0.5287070835992342,391.75,True,True,-0.0747482405369786,-0.028763726989925735,0.055834875101372534,-0.10181938864842541,-0.07474824053697861,multiplier,mixed_or_ambiguous,0.0,1.3877787807814457e-17
sfix,SFIX,Stitch Fix Inc,dtc_brand,2024,2023,-0.09633127671091944,2.4287968678212586,2.5357146146265985,-0.593278874225247,217.166,True,2023,-0.10798790094447736,2.3096533535216857,2.419486596451336,-0.6034553241362128,284.9805,True,True,0.010176449910965779,0.06843776084979425,-0.030143041872536344,-0.02811826906629209,0.010176449910965814,margin,operating_driven,0.0,-3.469446951953614e-17
snbr,SNBR,Sleep Number Corp,dtc_brand,2019,2018,0.04819083440888579,2.661616181403735,,,-134.4905,False,2018,0.04540358780993422,3.2518482502664625,,,-10.196999999999996,False,False,,,,,,not_available,not_available,,
snbr,SNBR,Sleep Number Corp,dtc_brand,2020,2019,0.07497165448909404,2.311765998683833,,,-191.7045,False,2019,0.04819083440888579,2.661616181403735,,,-134.4905,False,False,,,,,,not_available,not_available,,
snbr,SNBR,Sleep Number Corp,dtc_brand,2021,2020,0.07036594446826906,2.5411170476299025,,,-324.4655,False,2020,0.07497165448909404,2.311765998683833,,,-191.7045,False,False,,,,,,not_available,not_available,,
snbr,SNBR,Sleep Number Corp,dtc_brand,2022,2021,0.017315448113486422,2.2570846917708045,,,-431.565,False,2021,0.07036594446826906,2.5411170476299025,,,-324.4655,False,False,,,,,,not_available,not_available,,
snbr,SNBR,Sleep Number Corp,dtc_brand,2023,2022,-0.008099150084610079,1.9817998168852005,,,-440.0525,False,2022,0.017315448113486422,2.2570846917708045,,,-431.565,False,False,,,,,,not_available,not_available,,
snbr,SNBR,Sleep Number Corp,dtc_brand,2024,2023,-0.012087052456880357,1.8571565775601786,,,-446.757,False,2023,-0.008099150084610079,1.9817998168852005,,,-440.0525,False,False,,,,,,not_available,not_available,,
vrm,VRM,Vroom Inc,inventory_led_ecommerce,2020,2019,-0.14936952198571113,1.1870896892294147,3.5016349024110216,-0.6208924607730577,326.62500000000006,True,2019,-0.11996600160594588,,,,-435.359,False,False,,,,,,not_available,not_available,,
vrm,VRM,Vroom Inc,inventory_led_ecommerce,2021,2020,-0.11648281937219224,1.5567861198991104,1.9095428456198393,-0.3462742776908513,1071.1480000000001,True,2020,-0.14936952198571113,1.1870896892294147,3.5016349024110216,-0.6208924607730577,326.62500000000006,True,True,0.2746181830822064,0.12045908172823722,-0.1345720109858482,0.28873111233981746,0.2746181830822065,multiplier,leverage_driven,0.7056159129067423,-5.551115123125783e-17
vrm,VRM,Vroom Inc,inventory_led_ecommerce,2022,2021,-0.23187940280188682,0.9779277666562881,2.85713456236658,-0.6478875662532456,697.5129999999999,True,2021,-0.11648281937219224,1.5567861198991104,1.9095428456198393,-0.3462742776908513,1071.1480000000001,True,True,-0.30161328856239433,-0.3432853036349011,0.24557775480191998,-0.20390573972941312,-0.3016132885623942,margin,mixed_or_ambiguous,0.0,-1.1102230246251565e-16
vrm,VRM,Vroom Inc,inventory_led_ecommerce,2023,2022,-0.40820619724743423,0.5772937282210823,5.093718055713305,-1.200359504397509,303.7515,True,2022,-0.23187940280188682,0.9779277666562881,2.85713456236658,-0.6478875662532456,697.5129999999999,True,True,-0.5524719381442634,-0.5319185638135268,0.5228958085463475,-0.5434491828770841,-0.5524719381442633,multiplier,mixed_or_ambiguous,0.0,-1.1102230246251565e-16
w,W,Wayfair Inc,inventory_led_ecommerce,2019,2018,-0.1079215514407801,3.7684525974741834,,,-637.5,False,2018,-0.07435714144525572,4.367668485783859,,,-189.6645,False,False,,,,,,not_available,not_available,,
w,W,Wayfair Inc,inventory_led_ecommerce,2020,2019,0.013078826440438318,3.760443905183112,,,-1068.0,False,2019,-0.1079215514407801,3.7684525974741834,,,-637.5,False,False,,,,,,not_available,not_available,,
w,W,Wayfair Inc,inventory_led_ecommerce,2021,2020,-0.009556463379048731,2.999562363238512,,,-1405.5,False,2020,0.013078826440438318,3.760443905183112,,,-1068.0,False,False,,,,,,not_available,not_available,,
w,W,Wayfair Inc,inventory_led_ecommerce,2022,2021,-0.10893763300049109,2.998282208588957,,,-2084.5,False,2021,-0.009556463379048731,2.999562363238512,,,-1405.5,False,False,,,,,,not_available,not_available,,
w,W,Wayfair Inc,inventory_led_ecommerce,2023,2022,-0.0614846288427893,3.4031755032605613,,,-2628.5,False,2022,-0.10893763300049109,2.998282208588957,,,-2084.5,False,False,,,,,,not_available,not_available,,
w,W,Wayfair Inc,inventory_led_ecommerce,2024,2023,-0.04151548392540714,3.4187220539449013,,,-2731.0,False,2023,-0.0614846288427893,3.4031755032605613,,,-2628.5,False,False,,,,,,not_available,not_available,,
