company_id,ticker,cik,fiscal_year,period_end,start_date,canonical_field,taxonomy,source_tag,source_priority,value_reported,value_standardized,unit,unit_scale,form,fy,fp,frame,accession,filing_date,is_amendment,duration_days,source_url,loaded_at,is_latest_restated,source_selection_note
amzn,AMZN,0001018724,2021,2021-12-31,2021-01-01,capital_expenditure,us-gaap,PaymentsToAcquireProductiveAssets,2,61053000000.0,61053.0,USD,USD_millions,10-K,2023,FY,CY2021,0001018724-24-000008,2024-02-02,0,364.0,https://www.sec.gov/Archives/edgar/data/1018724/000101872424000008/,2026-08-05T12:11:50+00:00,True,Latest annual filing available by 2024-04-30; source-tag priority breaks ties
amzn,AMZN,0001018724,2021,2021-12-31,,cash_and_equivalents,us-gaap,CashAndCashEquivalentsAtCarryingValue,1,36220000000.0,36220.0,USD,USD_millions,10-K,2022,FY,CY2021Q4I,0001018724-23-000004,2023-02-03,0,,https://www.sec.gov/Archives/edgar/data/1018724/000101872423000004/,2026-08-05T12:11:50+00:00,True,Latest annual filing available by 2024-04-30; source-tag priority breaks ties
amzn,AMZN,0001018724,2021,2021-12-31,,current_assets,us-gaap,AssetsCurrent,1,161580000000.0,161580.0,USD,USD_millions,10-K,2022,FY,CY2021Q4I,0001018724-23-000004,2023-02-03,0,,https://www.sec.gov/Archives/edgar/data/1018724/000101872423000004/,2026-08-05T12:11:50+00:00,True,Latest annual filing available by 2024-04-30; source-tag priority breaks ties
amzn,AMZN,0001018724,2021,2021-12-31,,current_liabilities,us-gaap,LiabilitiesCurrent,1,142266000000.0,142266.0,USD,USD_millions,10-K,2022,FY,CY2021Q4I,0001018724-23-000004,2023-02-03,0,,https://www.sec.gov/Archives/edgar/data/1018724/000101872423000004/,2026-08-05T12:11:50+00:00,True,Latest annual filing available by 2024-04-30; source-tag priority breaks ties
amzn,AMZN,0001018724,2021,2021-12-31,,inventory,us-gaap,InventoryNet,1,32640000000.0,32640.0,USD,USD_millions,10-K,2022,FY,CY2021Q4I,0001018724-23-000004,2023-02-03,0,,https://www.sec.gov/Archives/edgar/data/1018724/000101872423000004/,2026-08-05T12:11:50+00:00,True,Latest annual filing available by 2024-04-30; source-tag priority breaks ties
amzn,AMZN,0001018724,2021,2021-12-31,,long_term_debt,us-gaap,LongTermDebtNoncurrent,1,48744000000.0,48744.0,USD,USD_millions,10-K,2022,FY,CY2021Q4I,0001018724-23-000004,2023-02-03,0,,https://www.sec.gov/Archives/edgar/data/1018724/000101872423000004/,2026-08-05T12:11:50+00:00,True,Latest annual filing available by 2024-04-30; source-tag priority breaks ties
amzn,AMZN,0001018724,2021,2021-12-31,2021-01-01,net_income,us-gaap,NetIncomeLoss,1,33364000000.0,33364.0,USD,USD_millions,10-K,2023,FY,,0001018724-24-000008,2024-02-02,0,364.0,https://www.sec.gov/Archives/edgar/data/1018724/000101872424000008/,2026-08-05T12:11:50+00:00,True,Latest annual filing available by 2024-04-30; source-tag priority breaks ties
amzn,AMZN,0001018724,2021,2021-12-31,2021-01-01,operating_cash_flow,us-gaap,NetCashProvidedByUsedInOperatingActivities,1,46327000000.0,46327.0,USD,USD_millions,10-K,2023,FY,CY2021,0001018724-24-000008,2024-02-02,0,364.0,https://www.sec.gov/Archives/edgar/data/1018724/000101872424000008/,2026-08-05T12:11:50+00:00,True,Latest annual filing available by 2024-04-30; source-tag priority breaks ties
amzn,AMZN,0001018724,2021,2021-12-31,2021-01-01,operating_income,us-gaap,OperatingIncomeLoss,1,24879000000.0,24879.0,USD,USD_millions,10-K,2023,FY,CY2021,0001018724-24-000008,2024-02-02,0,364.0,https://www.sec.gov/Archives/edgar/data/1018724/000101872424000008/,2026-08-05T12:11:50+00:00,True,Latest annual filing available by 2024-04-30; source-tag priority breaks ties
amzn,AMZN,0001018724,2021,2021-12-31,2021-01-01,revenue,us-gaap,RevenueFromContractWithCustomerExcludingAssessedTax,1,469822000000.0,469822.0,USD,USD_millions,10-K,2023,FY,CY2021,0001018724-24-000008,2024-02-02,0,364.0,https://www.sec.gov/Archives/edgar/data/1018724/000101872424000008/,2026-08-05T12:11:50+00:00,True,Latest annual filing available by 2024-04-30; source-tag priority breaks ties
amzn,AMZN,0001018724,2021,2021-12-31,,total_assets,us-gaap,Assets,1,420549000000.0,420549.0,USD,USD_millions,10-K,2023,FY,CY2021Q4I,0001018724-24-000008,2024-02-02,0,,https://www.sec.gov/Archives/edgar/data/1018724/000101872424000008/,2026-08-05T12:11:50+00:00,True,Latest annual filing available by 2024-04-30; source-tag priority breaks ties
amzn,AMZN,0001018724,2021,2021-12-31,,total_equity,us-gaap,StockholdersEquity,1,138245000000.0,138245.0,USD,USD_millions,10-K,2023,FY,,0001018724-24-000008,2024-02-02,0,,https://www.sec.gov/Archives/edgar/data/1018724/000101872424000008/,2026-08-05T12:11:50+00:00,True,Latest annual filing available by 2024-04-30; source-tag priority breaks ties
amzn,AMZN,0001018724,2021,2021-12-31,,total_liabilities,project,derived:Assets-StockholdersEquity,99,282304000000.0,282304.0,USD,USD_millions,10-K,2023,FY,CY2021Q4I,0001018724-24-000008,2024-02-02,0,,https://www.sec.gov/Archives/edgar/data/1018724/000101872424000008/,2026-08-05T12:11:50+00:00,True,Latest annual filing available by 2024-04-30; source-tag priority breaks ties
amzn,AMZN,0001018724,2022,2022-12-31,2022-01-01,capital_expenditure,us-gaap,PaymentsToAcquireProductiveAssets,2,63645000000.0,63645.0,USD,USD_millions,10-K,2023,FY,,0001018724-24-000008,2024-02-02,0,364.0,https://www.sec.gov/Archives/edgar/data/1018724/000101872424000008/,2026-08-05T12:11:50+00:00,True,Latest annual filing available by 2024-04-30; source-tag priority breaks ties
amzn,AMZN,0001018724,2022,2022-12-31,,cash_and_equivalents,us-gaap,CashAndCashEquivalentsAtCarryingValue,1,53888000000.0,53888.0,USD,USD_millions,10-K,2023,FY,CY2022Q4I,0001018724-24-000008,2024-02-02,0,,https://www.sec.gov/Archives/edgar/data/1018724/000101872424000008/,2026-08-05T12:11:50+00:00,True,Latest annual filing available by 2024-04-30; source-tag priority breaks ties
amzn,AMZN,0001018724,2022,2022-12-31,,current_assets,us-gaap,AssetsCurrent,1,146791000000.0,146791.0,USD,USD_millions,10-K,2023,FY,CY2022Q4I,0001018724-24-000008,2024-02-02,0,,https://www.sec.gov/Archives/edgar/data/1018724/000101872424000008/,2026-08-05T12:11:50+00:00,True,Latest annual filing available by 2024-04-30; source-tag priority breaks ties
amzn,AMZN,0001018724,2022,2022-12-31,,current_liabilities,us-gaap,LiabilitiesCurrent,1,155393000000.0,155393.0,USD,USD_millions,10-K,2023,FY,CY2022Q4I,0001018724-24-000008,2024-02-02,0,,https://www.sec.gov/Archives/edgar/data/1018724/000101872424000008/,2026-08-05T12:11:50+00:00,True,Latest annual filing available by 2024-04-30; source-tag priority breaks ties
amzn,AMZN,0001018724,2022,2022-12-31,,inventory,us-gaap,InventoryNet,1,34405000000.0,34405.0,USD,USD_millions,10-K,2023,FY,CY2022Q4I,0001018724-24-000008,2024-02-02,0,,https://www.sec.gov/Archives/edgar/data/1018724/000101872424000008/,2026-08-05T12:11:50+00:00,True,Latest annual filing available by 2024-04-30; source-tag priority breaks ties
amzn,AMZN,0001018724,2022,2022-12-31,,long_term_debt,us-gaap,LongTermDebtNoncurrent,1,67150000000.0,67150.0,USD,USD_millions,10-K,2023,FY,CY2022Q4I,0001018724-24-000008,2024-02-02,0,,https://www.sec.gov/Archives/edgar/data/1018724/000101872424000008/,2026-08-05T12:11:50+00:00,True,Latest annual filing available by 2024-04-30; source-tag priority breaks ties
amzn,AMZN,0001018724,2022,2022-12-31,2022-01-01,net_income,us-gaap,NetIncomeLoss,1,-2722000000.0,-2722.0,USD,USD_millions,10-K,2023,FY,,0001018724-24-000008,2024-02-02,0,364.0,https://www.sec.gov/Archives/edgar/data/1018724/000101872424000008/,2026-08-05T12:11:50+00:00,True,Latest annual filing available by 2024-04-30; source-tag priority breaks ties
amzn,AMZN,0001018724,2022,2022-12-31,2022-01-01,operating_cash_flow,us-gaap,NetCashProvidedByUsedInOperatingActivities,1,46752000000.0,46752.0,USD,USD_millions,10-K,2023,FY,,0001018724-24-000008,2024-02-02,0,364.0,https://www.sec.gov/Archives/edgar/data/1018724/000101872424000008/,2026-08-05T12:11:50+00:00,True,Latest annual filing available by 2024-04-30; source-tag priority breaks ties
amzn,AMZN,0001018724,2022,2022-12-31,2022-01-01,operating_income,us-gaap,OperatingIncomeLoss,1,12248000000.0,12248.0,USD,USD_millions,10-K,2023,FY,,0001018724-24-000008,2024-02-02,0,364.0,https://www.sec.gov/Archives/edgar/data/1018724/000101872424000008/,2026-08-05T12:11:50+00:00,True,Latest annual filing available by 2024-04-30; source-tag priority breaks ties
amzn,AMZN,0001018724,2022,2022-12-31,2022-01-01,revenue,us-gaap,RevenueFromContractWithCustomerExcludingAssessedTax,1,513983000000.0,513983.0,USD,USD_millions,10-K,2023,FY,,0001018724-24-000008,2024-02-02,0,364.0,https://www.sec.gov/Archives/edgar/data/1018724/000101872424000008/,2026-08-05T12:11:50+00:00,True,Latest annual filing available by 2024-04-30; source-tag priority breaks ties
amzn,AMZN,0001018724,2022,2022-12-31,,total_assets,us-gaap,Assets,1,462675000000.0,462675.0,USD,USD_millions,10-K,2023,FY,,0001018724-24-000008,2024-02-02,0,,https://www.sec.gov/Archives/edgar/data/1018724/000101872424000008/,2026-08-05T12:11:50+00:00,True,Latest annual filing available by 2024-04-30; source-tag priority breaks ties
amzn,AMZN,0001018724,2022,2022-12-31,,total_equity,us-gaap,StockholdersEquity,1,146043000000.0,146043.0,USD,USD_millions,10-K,2023,FY,,0001018724-24-000008,2024-02-02,0,,https://www.sec.gov/Archives/edgar/data/1018724/000101872424000008/,2026-08-05T12:11:50+00:00,True,Latest annual filing available by 2024-04-30; source-tag priority breaks ties
amzn,AMZN,0001018724,2022,2022-12-31,,total_liabilities,project,derived:Assets-StockholdersEquity,99,316632000000.0,316632.0,USD,USD_millions,10-K,2023,FY,,0001018724-24-000008,2024-02-02,0,,https://www.sec.gov/Archives/edgar/data/1018724/000101872424000008/,2026-08-05T12:11:50+00:00,True,Latest annual filing available by 2024-04-30; source-tag priority breaks ties
amzn,AMZN,0001018724,2023,2023-12-31,2023-01-01,capital_expenditure,us-gaap,PaymentsToAcquireProductiveAssets,2,52729000000.0,52729.0,USD,USD_millions,10-K,2023,FY,,0001018724-24-000008,2024-02-02,0,364.0,https://www.sec.gov/Archives/edgar/data/1018724/000101872424000008/,2026-08-05T12:11:50+00:00,True,Latest annual filing available by 2024-04-30; source-tag priority breaks ties
amzn,AMZN,0001018724,2023,2023-12-31,,cash_and_equivalents,us-gaap,CashAndCashEquivalentsAtCarryingValue,1,73387000000.0,73387.0,USD,USD_millions,10-K,2023,FY,,0001018724-24-000008,2024-02-02,0,,https://www.sec.gov/Archives/edgar/data/1018724/000101872424000008/,2026-08-05T12:11:50+00:00,True,Latest annual filing available by 2024-04-30; source-tag priority breaks ties
amzn,AMZN,0001018724,2023,2023-12-31,,current_assets,us-gaap,AssetsCurrent,1,172351000000.0,172351.0,USD,USD_millions,10-K,2023,FY,,0001018724-24-000008,2024-02-02,0,,https://www.sec.gov/Archives/edgar/data/1018724/000101872424000008/,2026-08-05T12:11:50+00:00,True,Latest annual filing available by 2024-04-30; source-tag priority breaks ties
amzn,AMZN,0001018724,2023,2023-12-31,,current_liabilities,us-gaap,LiabilitiesCurrent,1,164917000000.0,164917.0,USD,USD_millions,10-K,2023,FY,,0001018724-24-000008,2024-02-02,0,,https://www.sec.gov/Archives/edgar/data/1018724/000101872424000008/,2026-08-05T12:11:50+00:00,True,Latest annual filing available by 2024-04-30; source-tag priority breaks ties
amzn,AMZN,0001018724,2023,2023-12-31,,inventory,us-gaap,InventoryNet,1,33318000000.0,33318.0,USD,USD_millions,10-K,2023,FY,,0001018724-24-000008,2024-02-02,0,,https://www.sec.gov/Archives/edgar/data/1018724/000101872424000008/,2026-08-05T12:11:50+00:00,True,Latest annual filing available by 2024-04-30; source-tag priority breaks ties
amzn,AMZN,0001018724,2023,2023-12-31,,long_term_debt,us-gaap,LongTermDebtNoncurrent,1,58314000000.0,58314.0,USD,USD_millions,10-K,2023,FY,,0001018724-24-000008,2024-02-02,0,,https://www.sec.gov/Archives/edgar/data/1018724/000101872424000008/,2026-08-05T12:11:50+00:00,True,Latest annual filing available by 2024-04-30; source-tag priority breaks ties
amzn,AMZN,0001018724,2023,2023-12-31,2023-01-01,net_income,us-gaap,NetIncomeLoss,1,30425000000.0,30425.0,USD,USD_millions,10-K,2023,FY,,0001018724-24-000008,2024-02-02,0,364.0,https://www.sec.gov/Archives/edgar/data/1018724/000101872424000008/,2026-08-05T12:11:50+00:00,True,Latest annual filing available by 2024-04-30; source-tag priority breaks ties
amzn,AMZN,0001018724,2023,2023-12-31,2023-01-01,operating_cash_flow,us-gaap,NetCashProvidedByUsedInOperatingActivities,1,84946000000.0,84946.0,USD,USD_millions,10-K,2023,FY,,0001018724-24-000008,2024-02-02,0,364.0,https://www.sec.gov/Archives/edgar/data/1018724/000101872424000008/,2026-08-05T12:11:50+00:00,True,Latest annual filing available by 2024-04-30; source-tag priority breaks ties
amzn,AMZN,0001018724,2023,2023-12-31,2023-01-01,operating_income,us-gaap,OperatingIncomeLoss,1,36852000000.0,36852.0,USD,USD_millions,10-K,2023,FY,,0001018724-24-000008,2024-02-02,0,364.0,https://www.sec.gov/Archives/edgar/data/1018724/000101872424000008/,2026-08-05T12:11:50+00:00,True,Latest annual filing available by 2024-04-30; source-tag priority breaks ties
amzn,AMZN,0001018724,2023,2023-12-31,2023-01-01,revenue,us-gaap,RevenueFromContractWithCustomerExcludingAssessedTax,1,574785000000.0,574785.0,USD,USD_millions,10-K,2023,FY,,0001018724-24-000008,2024-02-02,0,364.0,https://www.sec.gov/Archives/edgar/data/1018724/000101872424000008/,2026-08-05T12:11:50+00:00,True,Latest annual filing available by 2024-04-30; source-tag priority breaks ties
amzn,AMZN,0001018724,2023,2023-12-31,,total_assets,us-gaap,Assets,1,527854000000.0,527854.0,USD,USD_millions,10-K,2023,FY,,0001018724-24-000008,2024-02-02,0,,https://www.sec.gov/Archives/edgar/data/1018724/000101872424000008/,2026-08-05T12:11:50+00:00,True,Latest annual filing available by 2024-04-30; source-tag priority breaks ties
amzn,AMZN,0001018724,2023,2023-12-31,,total_equity,us-gaap,StockholdersEquity,1,201875000000.0,201875.0,USD,USD_millions,10-K,2023,FY,,0001018724-24-000008,2024-02-02,0,,https://www.sec.gov/Archives/edgar/data/1018724/000101872424000008/,2026-08-05T12:11:50+00:00,True,Latest annual filing available by 2024-04-30; source-tag priority breaks ties
amzn,AMZN,0001018724,2023,2023-12-31,,total_liabilities,project,derived:Assets-StockholdersEquity,99,325979000000.0,325979.0,USD,USD_millions,10-K,2023,FY,,0001018724-24-000008,2024-02-02,0,,https://www.sec.gov/Archives/edgar/data/1018724/000101872424000008/,2026-08-05T12:11:50+00:00,True,Latest annual filing available by 2024-04-30; source-tag priority breaks ties
bkng,BKNG,0001075531,2021,2021-12-31,2021-01-01,capital_expenditure,us-gaap,PaymentsToAcquirePropertyPlantAndEquipment,1,304000000.0,304.0,USD,USD_millions,10-K,2023,FY,CY2021,0001075531-24-000014,2024-02-22,0,364.0,https://www.sec.gov/Archives/edgar/data/1075531/000107553124000014/,2026-08-05T12:11:50+00:00,True,Latest annual filing available by 2024-04-30; source-tag priority breaks ties
bkng,BKNG,0001075531,2021,2021-12-31,,cash_and_equivalents,us-gaap,CashAndCashEquivalentsAtCarryingValue,1,11127000000.0,11127.0,USD,USD_millions,10-K,2022,FY,CY2021Q4I,0001075531-23-000016,2023-02-23,0,,https://www.sec.gov/Archives/edgar/data/1075531/000107553123000016/,2026-08-05T12:11:50+00:00,True,Latest annual filing available by 2024-04-30; source-tag priority breaks ties
bkng,BKNG,0001075531,2021,2021-12-31,,current_assets,us-gaap,AssetsCurrent,1,13145000000.0,13145.0,USD,USD_millions,10-K,2022,FY,CY2021Q4I,0001075531-23-000016,2023-02-23,0,,https://www.sec.gov/Archives/edgar/data/1075531/000107553123000016/,2026-08-05T12:11:50+00:00,True,Latest annual filing available by 2024-04-30; source-tag priority breaks ties
bkng,BKNG,0001075531,2021,2021-12-31,,current_liabilities,us-gaap,LiabilitiesCurrent,1,6246000000.0,6246.0,USD,USD_millions,10-K,2022,FY,CY2021Q4I,0001075531-23-000016,2023-02-23,0,,https://www.sec.gov/Archives/edgar/data/1075531/000107553123000016/,2026-08-05T12:11:50+00:00,True,Latest annual filing available by 2024-04-30; source-tag priority breaks ties
bkng,BKNG,0001075531,2021,2021-12-31,,long_term_debt,us-gaap,LongTermDebtNoncurrent,1,8937000000.0,8937.0,USD,USD_millions,10-K,2022,FY,CY2021Q4I,0001075531-23-000016,2023-02-23,0,,https://www.sec.gov/Archives/edgar/data/1075531/000107553123000016/,2026-08-05T12:11:50+00:00,True,Latest annual filing available by 2024-04-30; source-tag priority breaks ties
bkng,BKNG,0001075531,2021,2021-12-31,2021-01-01,net_income,us-gaap,NetIncomeLossAvailableToCommonStockholdersBasic,3,1165000000.0,1165.0,USD,USD_millions,10-K,2023,FY,CY2021,0001075531-24-000014,2024-02-22,0,364.0,https://www.sec.gov/Archives/edgar/data/1075531/000107553124000014/,2026-08-05T12:11:50+00:00,True,Latest annual filing available by 2024-04-30; source-tag priority breaks ties
bkng,BKNG,0001075531,2021,2021-12-31,2021-01-01,operating_cash_flow,us-gaap,NetCashProvidedByUsedInOperatingActivities,1,2820000000.0,2820.0,USD,USD_millions,10-K,2023,FY,CY2021,0001075531-24-000014,2024-02-22,0,364.0,https://www.sec.gov/Archives/edgar/data/1075531/000107553124000014/,2026-08-05T12:11:50+00:00,True,Latest annual filing available by 2024-04-30; source-tag priority breaks ties
bkng,BKNG,0001075531,2021,2021-12-31,2021-01-01,operating_income,us-gaap,OperatingIncomeLoss,1,2496000000.0,2496.0,USD,USD_millions,10-K,2023,FY,CY2021,0001075531-24-000014,2024-02-22,0,364.0,https://www.sec.gov/Archives/edgar/data/1075531/000107553124000014/,2026-08-05T12:11:50+00:00,True,Latest annual filing available by 2024-04-30; source-tag priority breaks ties
bkng,BKNG,0001075531,2021,2021-12-31,2021-01-01,revenue,us-gaap,Revenues,4,10958000000.0,10958.0,USD,USD_millions,10-K,2023,FY,CY2021,0001075531-24-000014,2024-02-22,0,364.0,https://www.sec.gov/Archives/edgar/data/1075531/000107553124000014/,2026-08-05T12:11:50+00:00,True,Latest annual filing available by 2024-04-30; source-tag priority breaks ties
bkng,BKNG,0001075531,2021,2021-12-31,,total_assets,us-gaap,Assets,1,23641000000.0,23641.0,USD,USD_millions,10-K,2022,FY,CY2021Q4I,0001075531-23-000016,2023-02-23,0,,https://www.sec.gov/Archives/edgar/data/1075531/000107553123000016/,2026-08-05T12:11:50+00:00,True,Latest annual filing available by 2024-04-30; source-tag priority breaks ties
bkng,BKNG,0001075531,2021,2021-12-31,,total_equity,us-gaap,StockholdersEquity,1,6178000000.0,6178.0,USD,USD_millions,10-K,2023,FY,,0001075531-24-000014,2024-02-22,0,,https://www.sec.gov/Archives/edgar/data/1075531/000107553124000014/,2026-08-05T12:11:50+00:00,True,Latest annual filing available by 2024-04-30; source-tag priority breaks ties
bkng,BKNG,0001075531,2021,2021-12-31,,total_liabilities,us-gaap,Liabilities,1,17463000000.0,17463.0,USD,USD_millions,10-K,2022,FY,CY2021Q4I,0001075531-23-000016,2023-02-23,0,,https://www.sec.gov/Archives/edgar/data/1075531/000107553123000016/,2026-08-05T12:11:50+00:00,True,Latest annual filing available by 2024-04-30; source-tag priority breaks ties
bkng,BKNG,0001075531,2022,2022-12-31,2022-01-01,capital_expenditure,us-gaap,PaymentsToAcquirePropertyPlantAndEquipment,1,368000000.0,368.0,USD,USD_millions,10-K,2023,FY,,0001075531-24-000014,2024-02-22,0,364.0,https://www.sec.gov/Archives/edgar/data/1075531/000107553124000014/,2026-08-05T12:11:50+00:00,True,Latest annual filing available by 2024-04-30; source-tag priority breaks ties
bkng,BKNG,0001075531,2022,2022-12-31,,cash_and_equivalents,us-gaap,CashAndCashEquivalentsAtCarryingValue,1,12221000000.0,12221.0,USD,USD_millions,10-K,2023,FY,CY2022Q4I,0001075531-24-000014,2024-02-22,0,,https://www.sec.gov/Archives/edgar/data/1075531/000107553124000014/,2026-08-05T12:11:50+00:00,True,Latest annual filing available by 2024-04-30; source-tag priority breaks ties
bkng,BKNG,0001075531,2022,2022-12-31,,current_assets,us-gaap,AssetsCurrent,1,15798000000.0,15798.0,USD,USD_millions,10-K,2023,FY,CY2022Q4I,0001075531-24-000014,2024-02-22,0,,https://www.sec.gov/Archives/edgar/data/1075531/000107553124000014/,2026-08-05T12:11:50+00:00,True,Latest annual filing available by 2024-04-30; source-tag priority breaks ties
bkng,BKNG,0001075531,2022,2022-12-31,,current_liabilities,us-gaap,LiabilitiesCurrent,1,8474000000.0,8474.0,USD,USD_millions,10-K,2023,FY,CY2022Q4I,0001075531-24-000014,2024-02-22,0,,https://www.sec.gov/Archives/edgar/data/1075531/000107553124000014/,2026-08-05T12:11:50+00:00,True,Latest annual filing available by 2024-04-30; source-tag priority breaks ties
bkng,BKNG,0001075531,2022,2022-12-31,,long_term_debt,us-gaap,LongTermDebtNoncurrent,1,11985000000.0,11985.0,USD,USD_millions,10-K,2023,FY,CY2022Q4I,0001075531-24-000014,2024-02-22,0,,https://www.sec.gov/Archives/edgar/data/1075531/000107553124000014/,2026-08-05T12:11:50+00:00,True,Latest annual filing available by 2024-04-30; source-tag priority breaks ties
bkng,BKNG,0001075531,2022,2022-12-31,2022-01-01,net_income,us-gaap,NetIncomeLossAvailableToCommonStockholdersBasic,3,3058000000.0,3058.0,USD,USD_millions,10-K,2023,FY,,0001075531-24-000014,2024-02-22,0,364.0,https://www.sec.gov/Archives/edgar/data/1075531/000107553124000014/,2026-08-05T12:11:50+00:00,True,Latest annual filing available by 2024-04-30; source-tag priority breaks ties
bkng,BKNG,0001075531,2022,2022-12-31,2022-01-01,operating_cash_flow,us-gaap,NetCashProvidedByUsedInOperatingActivities,1,6554000000.0,6554.0,USD,USD_millions,10-K,2023,FY,,0001075531-24-000014,2024-02-22,0,364.0,https://www.sec.gov/Archives/edgar/data/1075531/000107553124000014/,2026-08-05T12:11:50+00:00,True,Latest annual filing available by 2024-04-30; source-tag priority breaks ties
bkng,BKNG,0001075531,2022,2022-12-31,2022-01-01,operating_income,us-gaap,OperatingIncomeLoss,1,5102000000.0,5102.0,USD,USD_millions,10-K,2023,FY,,0001075531-24-000014,2024-02-22,0,364.0,https://www.sec.gov/Archives/edgar/data/1075531/000107553124000014/,2026-08-05T12:11:50+00:00,True,Latest annual filing available by 2024-04-30; source-tag priority breaks ties
bkng,BKNG,0001075531,2022,2022-12-31,2022-01-01,revenue,us-gaap,Revenues,4,17090000000.0,17090.0,USD,USD_millions,10-K,2023,FY,,0001075531-24-000014,2024-02-22,0,364.0,https://www.sec.gov/Archives/edgar/data/1075531/000107553124000014/,2026-08-05T12:11:50+00:00,True,Latest annual filing available by 2024-04-30; source-tag priority breaks ties
bkng,BKNG,0001075531,2022,2022-12-31,,total_assets,us-gaap,Assets,1,25361000000.0,25361.0,USD,USD_millions,10-K,2023,FY,CY2022Q4I,0001075531-24-000014,2024-02-22,0,,https://www.sec.gov/Archives/edgar/data/1075531/000107553124000014/,2026-08-05T12:11:50+00:00,True,Latest annual filing available by 2024-04-30; source-tag priority breaks ties
bkng,BKNG,0001075531,2022,2022-12-31,,total_equity,us-gaap,StockholdersEquity,1,2782000000.0,2782.0,USD,USD_millions,10-K,2023,FY,,0001075531-24-000014,2024-02-22,0,,https://www.sec.gov/Archives/edgar/data/1075531/000107553124000014/,2026-08-05T12:11:50+00:00,True,Latest annual filing available by 2024-04-30; source-tag priority breaks ties
bkng,BKNG,0001075531,2022,2022-12-31,,total_liabilities,us-gaap,Liabilities,1,22579000000.0,22579.0,USD,USD_millions,10-K,2023,FY,CY2022Q4I,0001075531-24-000014,2024-02-22,0,,https://www.sec.gov/Archives/edgar/data/1075531/000107553124000014/,2026-08-05T12:11:50+00:00,True,Latest annual filing available by 2024-04-30; source-tag priority breaks ties
bkng,BKNG,0001075531,2023,2023-12-31,2023-01-01,capital_expenditure,us-gaap,PaymentsToAcquirePropertyPlantAndEquipment,1,345000000.0,345.0,USD,USD_millions,10-K,2023,FY,,0001075531-24-000014,2024-02-22,0,364.0,https://www.sec.gov/Archives/edgar/data/1075531/000107553124000014/,2026-08-05T12:11:50+00:00,True,Latest annual filing available by 2024-04-30; source-tag priority breaks ties
bkng,BKNG,0001075531,2023,2023-12-31,,cash_and_equivalents,us-gaap,CashAndCashEquivalentsAtCarryingValue,1,12107000000.0,12107.0,USD,USD_millions,10-K,2023,FY,,0001075531-24-000014,2024-02-22,0,,https://www.sec.gov/Archives/edgar/data/1075531/000107553124000014/,2026-08-05T12:11:50+00:00,True,Latest annual filing available by 2024-04-30; source-tag priority breaks ties
bkng,BKNG,0001075531,2023,2023-12-31,,current_assets,us-gaap,AssetsCurrent,1,17034000000.0,17034.0,USD,USD_millions,10-K,2023,FY,,0001075531-24-000014,2024-02-22,0,,https://www.sec.gov/Archives/edgar/data/1075531/000107553124000014/,2026-08-05T12:11:50+00:00,True,Latest annual filing available by 2024-04-30; source-tag priority breaks ties
bkng,BKNG,0001075531,2023,2023-12-31,,current_liabilities,us-gaap,LiabilitiesCurrent,1,13330000000.0,13330.0,USD,USD_millions,10-K,2023,FY,,0001075531-24-000014,2024-02-22,0,,https://www.sec.gov/Archives/edgar/data/1075531/000107553124000014/,2026-08-05T12:11:50+00:00,True,Latest annual filing available by 2024-04-30; source-tag priority breaks ties
bkng,BKNG,0001075531,2023,2023-12-31,,long_term_debt,us-gaap,LongTermDebtNoncurrent,1,12223000000.0,12223.0,USD,USD_millions,10-K,2023,FY,,0001075531-24-000014,2024-02-22,0,,https://www.sec.gov/Archives/edgar/data/1075531/000107553124000014/,2026-08-05T12:11:50+00:00,True,Latest annual filing available by 2024-04-30; source-tag priority breaks ties
bkng,BKNG,0001075531,2023,2023-12-31,2023-01-01,net_income,us-gaap,NetIncomeLossAvailableToCommonStockholdersBasic,3,4289000000.0,4289.0,USD,USD_millions,10-K,2023,FY,,0001075531-24-000014,2024-02-22,0,364.0,https://www.sec.gov/Archives/edgar/data/1075531/000107553124000014/,2026-08-05T12:11:50+00:00,True,Latest annual filing available by 2024-04-30; source-tag priority breaks ties
bkng,BKNG,0001075531,2023,2023-12-31,2023-01-01,operating_cash_flow,us-gaap,NetCashProvidedByUsedInOperatingActivities,1,7344000000.0,7344.0,USD,USD_millions,10-K,2023,FY,,0001075531-24-000014,2024-02-22,0,364.0,https://www.sec.gov/Archives/edgar/data/1075531/000107553124000014/,2026-08-05T12:11:50+00:00,True,Latest annual filing available by 2024-04-30; source-tag priority breaks ties
bkng,BKNG,0001075531,2023,2023-12-31,2023-01-01,operating_income,us-gaap,OperatingIncomeLoss,1,5835000000.0,5835.0,USD,USD_millions,10-K,2023,FY,,0001075531-24-000014,2024-02-22,0,364.0,https://www.sec.gov/Archives/edgar/data/1075531/000107553124000014/,2026-08-05T12:11:50+00:00,True,Latest annual filing available by 2024-04-30; source-tag priority breaks ties
bkng,BKNG,0001075531,2023,2023-12-31,2023-01-01,revenue,us-gaap,Revenues,4,21365000000.0,21365.0,USD,USD_millions,10-K,2023,FY,,0001075531-24-000014,2024-02-22,0,364.0,https://www.sec.gov/Archives/edgar/data/1075531/000107553124000014/,2026-08-05T12:11:50+00:00,True,Latest annual filing available by 2024-04-30; source-tag priority breaks ties
bkng,BKNG,0001075531,2023,2023-12-31,,total_assets,us-gaap,Assets,1,24342000000.0,24342.0,USD,USD_millions,10-K,2023,FY,,0001075531-24-000014,2024-02-22,0,,https://www.sec.gov/Archives/edgar/data/1075531/000107553124000014/,2026-08-05T12:11:50+00:00,True,Latest annual filing available by 2024-04-30; source-tag priority breaks ties
bkng,BKNG,0001075531,2023,2023-12-31,,total_equity,us-gaap,StockholdersEquity,1,-2744000000.0,-2744.0,USD,USD_millions,10-K,2023,FY,,0001075531-24-000014,2024-02-22,0,,https://www.sec.gov/Archives/edgar/data/1075531/000107553124000014/,2026-08-05T12:11:50+00:00,True,Latest annual filing available by 2024-04-30; source-tag priority breaks ties
bkng,BKNG,0001075531,2023,2023-12-31,,total_liabilities,us-gaap,Liabilities,1,27086000000.0,27086.0,USD,USD_millions,10-K,2023,FY,,0001075531-24-000014,2024-02-22,0,,https://www.sec.gov/Archives/edgar/data/1075531/000107553124000014/,2026-08-05T12:11:50+00:00,True,Latest annual filing available by 2024-04-30; source-tag priority breaks ties
chwy,CHWY,0001766502,2021,2022-01-30,2021-02-01,capital_expenditure,us-gaap,PaymentsToAcquireProductiveAssets,2,183186000.0,183.186,USD,USD_millions,10-K,2023,FY,CY2021,0001766502-24-000014,2024-03-20,0,363.0,https://www.sec.gov/Archives/edgar/data/1766502/000176650224000014/,2026-08-05T12:11:50+00:00,True,Latest annual filing available by 2024-04-30; source-tag priority breaks ties
chwy,CHWY,0001766502,2021,2022-01-30,,cash_and_equivalents,us-gaap,CashAndCashEquivalentsAtCarryingValue,1,603079000.0,603.079,USD,USD_millions,10-K,2022,FY,CY2021Q4I,0001766502-23-000011,2023-03-22,0,,https://www.sec.gov/Archives/edgar/data/1766502/000176650223000011/,2026-08-05T12:11:50+00:00,True,Latest annual filing available by 2024-04-30; source-tag priority breaks ties
chwy,CHWY,0001766502,2021,2022-01-30,,current_assets,us-gaap,AssetsCurrent,1,1323532000.0,1323.532,USD,USD_millions,10-K,2022,FY,CY2021Q4I,0001766502-23-000011,2023-03-22,0,,https://www.sec.gov/Archives/edgar/data/1766502/000176650223000011/,2026-08-05T12:11:50+00:00,True,Latest annual filing available by 2024-04-30; source-tag priority breaks ties
chwy,CHWY,0001766502,2021,2022-01-30,,current_liabilities,us-gaap,LiabilitiesCurrent,1,1644879000.0,1644.879,USD,USD_millions,10-K,2022,FY,CY2021Q4I,0001766502-23-000011,2023-03-22,0,,https://www.sec.gov/Archives/edgar/data/1766502/000176650223000011/,2026-08-05T12:11:50+00:00,True,Latest annual filing available by 2024-04-30; source-tag priority breaks ties
chwy,CHWY,0001766502,2021,2022-01-30,2021-02-01,gross_profit,us-gaap,GrossProfit,1,2385471000.0,2385.471,USD,USD_millions,10-K,2023,FY,CY2021,0001766502-24-000014,2024-03-20,0,363.0,https://www.sec.gov/Archives/edgar/data/1766502/000176650224000014/,2026-08-05T12:11:50+00:00,True,Latest annual filing available by 2024-04-30; source-tag priority breaks ties
chwy,CHWY,0001766502,2021,2022-01-30,,inventory,us-gaap,InventoryNet,1,560430000.0,560.43,USD,USD_millions,10-K,2022,FY,CY2021Q4I,0001766502-23-000011,2023-03-22,0,,https://www.sec.gov/Archives/edgar/data/1766502/000176650223000011/,2026-08-05T12:11:50+00:00,True,Latest annual filing available by 2024-04-30; source-tag priority breaks ties
chwy,CHWY,0001766502,2021,2022-01-30,2021-02-01,net_income,us-gaap,NetIncomeLoss,1,-75207000.0,-75.207,USD,USD_millions,10-K,2023,FY,,0001766502-24-000014,2024-03-20,0,363.0,https://www.sec.gov/Archives/edgar/data/1766502/000176650224000014/,2026-08-05T12:11:50+00:00,True,Latest annual filing available by 2024-04-30; source-tag priority breaks ties
chwy,CHWY,0001766502,2021,2022-01-30,2021-02-01,operating_cash_flow,us-gaap,NetCashProvidedByUsedInOperatingActivities,1,191743000.0,191.743,USD,USD_millions,10-K,2023,FY,CY2021,0001766502-24-000014,2024-03-20,0,363.0,https://www.sec.gov/Archives/edgar/data/1766502/000176650224000014/,2026-08-05T12:11:50+00:00,True,Latest annual filing available by 2024-04-30; source-tag priority breaks ties
chwy,CHWY,0001766502,2021,2022-01-30,2021-02-01,operating_income,us-gaap,OperatingIncomeLoss,1,-73566000.0,-73.566,USD,USD_millions,10-K,2023,FY,CY2021,0001766502-24-000014,2024-03-20,0,363.0,https://www.sec.gov/Archives/edgar/data/1766502/000176650224000014/,2026-08-05T12:11:50+00:00,True,Latest annual filing available by 2024-04-30; source-tag priority breaks ties
chwy,CHWY,0001766502,2021,2022-01-30,2021-02-01,revenue,us-gaap,RevenueFromContractWithCustomerExcludingAssessedTax,1,8967407000.0,8967.407,USD,USD_millions,10-K,2023,FY,CY2021,0001766502-24-000014,2024-03-20,0,363.0,https://www.sec.gov/Archives/edgar/data/1766502/000176650224000014/,2026-08-05T12:11:50+00:00,True,Latest annual filing available by 2024-04-30; source-tag priority breaks ties
chwy,CHWY,0001766502,2021,2022-01-30,,total_assets,us-gaap,Assets,1,2086281000.0,2086.281,USD,USD_millions,10-K,2022,FY,CY2021Q4I,0001766502-23-000011,2023-03-22,0,,https://www.sec.gov/Archives/edgar/data/1766502/000176650223000011/,2026-08-05T12:11:50+00:00,True,Latest annual filing available by 2024-04-30; source-tag priority breaks ties
chwy,CHWY,0001766502,2021,2022-01-30,,total_equity,us-gaap,StockholdersEquity,1,-39620000.0,-39.62,USD,USD_millions,10-K,2023,FY,,0001766502-24-000014,2024-03-20,0,,https://www.sec.gov/Archives/edgar/data/1766502/000176650224000014/,2026-08-05T12:11:50+00:00,True,Latest annual filing available by 2024-04-30; source-tag priority breaks ties
chwy,CHWY,0001766502,2021,2022-01-30,,total_liabilities,us-gaap,Liabilities,1,2071545000.0,2071.545,USD,USD_millions,10-K,2022,FY,CY2021Q4I,0001766502-23-000011,2023-03-22,0,,https://www.sec.gov/Archives/edgar/data/1766502/000176650223000011/,2026-08-05T12:11:50+00:00,True,Latest annual filing available by 2024-04-30; source-tag priority breaks ties
chwy,CHWY,0001766502,2022,2023-01-29,2022-01-31,capital_expenditure,us-gaap,PaymentsToAcquireProductiveAssets,2,230310000.0,230.31,USD,USD_millions,10-K,2023,FY,,0001766502-24-000014,2024-03-20,0,363.0,https://www.sec.gov/Archives/edgar/data/1766502/000176650224000014/,2026-08-05T12:11:50+00:00,True,Latest annual filing available by 2024-04-30; source-tag priority breaks ties
chwy,CHWY,0001766502,2022,2023-01-29,,cash_and_equivalents,us-gaap,CashAndCashEquivalentsAtCarryingValue,1,331641000.0,331.641,USD,USD_millions,10-K,2023,FY,CY2022Q4I,0001766502-24-000014,2024-03-20,0,,https://www.sec.gov/Archives/edgar/data/1766502/000176650224000014/,2026-08-05T12:11:50+00:00,True,Latest annual filing available by 2024-04-30; source-tag priority breaks ties
chwy,CHWY,0001766502,2022,2023-01-29,,current_assets,us-gaap,AssetsCurrent,1,1524780000.0,1524.78,USD,USD_millions,10-K,2023,FY,CY2022Q4I,0001766502-24-000014,2024-03-20,0,,https://www.sec.gov/Archives/edgar/data/1766502/000176650224000014/,2026-08-05T12:11:50+00:00,True,Latest annual filing available by 2024-04-30; source-tag priority breaks ties
chwy,CHWY,0001766502,2022,2023-01-29,,current_liabilities,us-gaap,LiabilitiesCurrent,1,1827718000.0,1827.718,USD,USD_millions,10-K,2023,FY,CY2022Q4I,0001766502-24-000014,2024-03-20,0,,https://www.sec.gov/Archives/edgar/data/1766502/000176650224000014/,2026-08-05T12:11:50+00:00,True,Latest annual filing available by 2024-04-30; source-tag priority breaks ties
chwy,CHWY,0001766502,2022,2023-01-29,2022-01-31,gross_profit,us-gaap,GrossProfit,1,2834495000.0,2834.495,USD,USD_millions,10-K,2023,FY,,0001766502-24-000014,2024-03-20,0,363.0,https://www.sec.gov/Archives/edgar/data/1766502/000176650224000014/,2026-08-05T12:11:50+00:00,True,Latest annual filing available by 2024-04-30; source-tag priority breaks ties
chwy,CHWY,0001766502,2022,2023-01-29,,inventory,us-gaap,InventoryNet,1,678005000.0,678.005,USD,USD_millions,10-K,2023,FY,CY2022Q4I,0001766502-24-000014,2024-03-20,0,,https://www.sec.gov/Archives/edgar/data/1766502/000176650224000014/,2026-08-05T12:11:50+00:00,True,Latest annual filing available by 2024-04-30; source-tag priority breaks ties
chwy,CHWY,0001766502,2022,2023-01-29,2022-01-31,net_income,us-gaap,NetIncomeLoss,1,49899000.0,49.899,USD,USD_millions,10-K,2023,FY,,0001766502-24-000014,2024-03-20,0,363.0,https://www.sec.gov/Archives/edgar/data/1766502/000176650224000014/,2026-08-05T12:11:50+00:00,True,Latest annual filing available by 2024-04-30; source-tag priority breaks ties
chwy,CHWY,0001766502,2022,2023-01-29,2022-01-31,operating_cash_flow,us-gaap,NetCashProvidedByUsedInOperatingActivities,1,349777000.0,349.777,USD,USD_millions,10-K,2023,FY,,0001766502-24-000014,2024-03-20,0,363.0,https://www.sec.gov/Archives/edgar/data/1766502/000176650224000014/,2026-08-05T12:11:50+00:00,True,Latest annual filing available by 2024-04-30; source-tag priority breaks ties
chwy,CHWY,0001766502,2022,2023-01-29,2022-01-31,operating_income,us-gaap,OperatingIncomeLoss,1,56421000.0,56.421,USD,USD_millions,10-K,2023,FY,,0001766502-24-000014,2024-03-20,0,363.0,https://www.sec.gov/Archives/edgar/data/1766502/000176650224000014/,2026-08-05T12:11:50+00:00,True,Latest annual filing available by 2024-04-30; source-tag priority breaks ties
chwy,CHWY,0001766502,2022,2023-01-29,2022-01-31,revenue,us-gaap,RevenueFromContractWithCustomerExcludingAssessedTax,1,10119000000.0,10119.0,USD,USD_millions,10-K,2023,FY,,0001766502-24-000014,2024-03-20,0,363.0,https://www.sec.gov/Archives/edgar/data/1766502/000176650224000014/,2026-08-05T12:11:50+00:00,True,Latest annual filing available by 2024-04-30; source-tag priority breaks ties
chwy,CHWY,0001766502,2022,2023-01-29,,total_assets,us-gaap,Assets,1,2519818000.0,2519.818,USD,USD_millions,10-K,2023,FY,CY2022Q4I,0001766502-24-000014,2024-03-20,0,,https://www.sec.gov/Archives/edgar/data/1766502/000176650224000014/,2026-08-05T12:11:50+00:00,True,Latest annual filing available by 2024-04-30; source-tag priority breaks ties
chwy,CHWY,0001766502,2022,2023-01-29,,total_equity,us-gaap,StockholdersEquity,1,160268000.0,160.268,USD,USD_millions,10-K,2023,FY,,0001766502-24-000014,2024-03-20,0,,https://www.sec.gov/Archives/edgar/data/1766502/000176650224000014/,2026-08-05T12:11:50+00:00,True,Latest annual filing available by 2024-04-30; source-tag priority breaks ties
chwy,CHWY,0001766502,2022,2023-01-29,,total_liabilities,us-gaap,Liabilities,1,2359550000.0,2359.55,USD,USD_millions,10-K,2023,FY,CY2022Q4I,0001766502-24-000014,2024-03-20,0,,https://www.sec.gov/Archives/edgar/data/1766502/000176650224000014/,2026-08-05T12:11:50+00:00,True,Latest annual filing available by 2024-04-30; source-tag priority breaks ties
chwy,CHWY,0001766502,2023,2024-01-28,2023-01-30,capital_expenditure,us-gaap,PaymentsToAcquireProductiveAssets,2,143282000.0,143.282,USD,USD_millions,10-K,2023,FY,,0001766502-24-000014,2024-03-20,0,363.0,https://www.sec.gov/Archives/edgar/data/1766502/000176650224000014/,2026-08-05T12:11:50+00:00,True,Latest annual filing available by 2024-04-30; source-tag priority breaks ties
chwy,CHWY,0001766502,2023,2024-01-28,,cash_and_equivalents,us-gaap,CashAndCashEquivalentsAtCarryingValue,1,602232000.0,602.232,USD,USD_millions,10-K,2023,FY,,0001766502-24-000014,2024-03-20,0,,https://www.sec.gov/Archives/edgar/data/1766502/000176650224000014/,2026-08-05T12:11:50+00:00,True,Latest annual filing available by 2024-04-30; source-tag priority breaks ties
chwy,CHWY,0001766502,2023,2024-01-28,,current_assets,us-gaap,AssetsCurrent,1,2104348000.0,2104.348,USD,USD_millions,10-K,2023,FY,,0001766502-24-000014,2024-03-20,0,,https://www.sec.gov/Archives/edgar/data/1766502/000176650224000014/,2026-08-05T12:11:50+00:00,True,Latest annual filing available by 2024-04-30; source-tag priority breaks ties
chwy,CHWY,0001766502,2023,2024-01-28,,current_liabilities,us-gaap,LiabilitiesCurrent,1,2110877000.0,2110.877,USD,USD_millions,10-K,2023,FY,,0001766502-24-000014,2024-03-20,0,,https://www.sec.gov/Archives/edgar/data/1766502/000176650224000014/,2026-08-05T12:11:50+00:00,True,Latest annual filing available by 2024-04-30; source-tag priority breaks ties
chwy,CHWY,0001766502,2023,2024-01-28,2023-01-30,gross_profit,us-gaap,GrossProfit,1,3161518000.0,3161.518,USD,USD_millions,10-K,2023,FY,,0001766502-24-000014,2024-03-20,0,363.0,https://www.sec.gov/Archives/edgar/data/1766502/000176650224000014/,2026-08-05T12:11:50+00:00,True,Latest annual filing available by 2024-04-30; source-tag priority breaks ties
chwy,CHWY,0001766502,2023,2024-01-28,,inventory,us-gaap,InventoryNet,1,719273000.0,719.273,USD,USD_millions,10-K,2023,FY,,0001766502-24-000014,2024-03-20,0,,https://www.sec.gov/Archives/edgar/data/1766502/000176650224000014/,2026-08-05T12:11:50+00:00,True,Latest annual filing available by 2024-04-30; source-tag priority breaks ties
chwy,CHWY,0001766502,2023,2024-01-28,2023-01-30,net_income,us-gaap,NetIncomeLoss,1,39580000.0,39.58,USD,USD_millions,10-K,2023,FY,,0001766502-24-000014,2024-03-20,0,363.0,https://www.sec.gov/Archives/edgar/data/1766502/000176650224000014/,2026-08-05T12:11:50+00:00,True,Latest annual filing available by 2024-04-30; source-tag priority breaks ties
chwy,CHWY,0001766502,2023,2024-01-28,2023-01-30,operating_cash_flow,us-gaap,NetCashProvidedByUsedInOperatingActivities,1,486211000.0,486.211,USD,USD_millions,10-K,2023,FY,,0001766502-24-000014,2024-03-20,0,363.0,https://www.sec.gov/Archives/edgar/data/1766502/000176650224000014/,2026-08-05T12:11:50+00:00,True,Latest annual filing available by 2024-04-30; source-tag priority breaks ties
chwy,CHWY,0001766502,2023,2024-01-28,2023-01-30,operating_income,us-gaap,OperatingIncomeLoss,1,-23625000.0,-23.625,USD,USD_millions,10-K,2023,FY,,0001766502-24-000014,2024-03-20,0,363.0,https://www.sec.gov/Archives/edgar/data/1766502/000176650224000014/,2026-08-05T12:11:50+00:00,True,Latest annual filing available by 2024-04-30; source-tag priority breaks ties
chwy,CHWY,0001766502,2023,2024-01-28,2023-01-30,revenue,us-gaap,RevenueFromContractWithCustomerExcludingAssessedTax,1,11147720000.0,11147.72,USD,USD_millions,10-K,2023,FY,,0001766502-24-000014,2024-03-20,0,363.0,https://www.sec.gov/Archives/edgar/data/1766502/000176650224000014/,2026-08-05T12:11:50+00:00,True,Latest annual filing available by 2024-04-30; source-tag priority breaks ties
chwy,CHWY,0001766502,2023,2024-01-28,,total_assets,us-gaap,Assets,1,3186851000.0,3186.851,USD,USD_millions,10-K,2023,FY,,0001766502-24-000014,2024-03-20,0,,https://www.sec.gov/Archives/edgar/data/1766502/000176650224000014/,2026-08-05T12:11:50+00:00,True,Latest annual filing available by 2024-04-30; source-tag priority breaks ties
chwy,CHWY,0001766502,2023,2024-01-28,,total_equity,us-gaap,StockholdersEquity,1,510244000.0,510.244,USD,USD_millions,10-K,2023,FY,,0001766502-24-000014,2024-03-20,0,,https://www.sec.gov/Archives/edgar/data/1766502/000176650224000014/,2026-08-05T12:11:50+00:00,True,Latest annual filing available by 2024-04-30; source-tag priority breaks ties
chwy,CHWY,0001766502,2023,2024-01-28,,total_liabilities,us-gaap,Liabilities,1,2676607000.0,2676.607,USD,USD_millions,10-K,2023,FY,,0001766502-24-000014,2024-03-20,0,,https://www.sec.gov/Archives/edgar/data/1766502/000176650224000014/,2026-08-05T12:11:50+00:00,True,Latest annual filing available by 2024-04-30; source-tag priority breaks ties
dash,DASH,0001792789,2021,2021-12-31,2021-01-01,capital_expenditure,us-gaap,PaymentsToAcquirePropertyPlantAndEquipment,1,129000000.0,129.0,USD,USD_millions,10-K,2023,FY,CY2021,0001628280-24-005600,2024-02-20,0,364.0,https://www.sec.gov/Archives/edgar/data/1792789/000162828024005600/,2026-08-05T12:11:50+00:00,True,Latest annual filing available by 2024-04-30; source-tag priority breaks ties
dash,DASH,0001792789,2021,2021-12-31,,cash_and_equivalents,us-gaap,CashAndCashEquivalentsAtCarryingValue,1,2504000000.0,2504.0,USD,USD_millions,10-K,2023,FY,CY2021Q4I,0001628280-24-005600,2024-02-20,0,,https://www.sec.gov/Archives/edgar/data/1792789/000162828024005600/,2026-08-05T12:11:50+00:00,True,Latest annual filing available by 2024-04-30; source-tag priority breaks ties
dash,DASH,0001792789,2021,2021-12-31,,current_assets,us-gaap,AssetsCurrent,1,4565000000.0,4565.0,USD,USD_millions,10-K,2022,FY,CY2021Q4I,0001628280-23-005131,2023-02-27,0,,https://www.sec.gov/Archives/edgar/data/1792789/000162828023005131/,2026-08-05T12:11:50+00:00,True,Latest annual filing available by 2024-04-30; source-tag priority breaks ties
dash,DASH,0001792789,2021,2021-12-31,,current_liabilities,us-gaap,LiabilitiesCurrent,1,1760000000.0,1760.0,USD,USD_millions,10-K,2022,FY,CY2021Q4I,0001628280-23-005131,2023-02-27,0,,https://www.sec.gov/Archives/edgar/data/1792789/000162828023005131/,2026-08-05T12:11:50+00:00,True,Latest annual filing available by 2024-04-30; source-tag priority breaks ties
dash,DASH,0001792789,2021,2021-12-31,2021-01-01,net_income,us-gaap,NetIncomeLoss,1,-468000000.0,-468.0,USD,USD_millions,10-K,2023,FY,,0001628280-24-005600,2024-02-20,0,364.0,https://www.sec.gov/Archives/edgar/data/1792789/000162828024005600/,2026-08-05T12:11:50+00:00,True,Latest annual filing available by 2024-04-30; source-tag priority breaks ties
dash,DASH,0001792789,2021,2021-12-31,2021-01-01,operating_cash_flow,us-gaap,NetCashProvidedByUsedInOperatingActivities,1,692000000.0,692.0,USD,USD_millions,10-K,2023,FY,CY2021,0001628280-24-005600,2024-02-20,0,364.0,https://www.sec.gov/Archives/edgar/data/1792789/000162828024005600/,2026-08-05T12:11:50+00:00,True,Latest annual filing available by 2024-04-30; source-tag priority breaks ties
dash,DASH,0001792789,2021,2021-12-31,2021-01-01,operating_income,us-gaap,OperatingIncomeLoss,1,-452000000.0,-452.0,USD,USD_millions,10-K,2023,FY,CY2021,0001628280-24-005600,2024-02-20,0,364.0,https://www.sec.gov/Archives/edgar/data/1792789/000162828024005600/,2026-08-05T12:11:50+00:00,True,Latest annual filing available by 2024-04-30; source-tag priority breaks ties
dash,DASH,0001792789,2021,2021-12-31,2021-01-01,revenue,us-gaap,RevenueFromContractWithCustomerExcludingAssessedTax,1,4888000000.0,4888.0,USD,USD_millions,10-K,2023,FY,CY2021,0001628280-24-005600,2024-02-20,0,364.0,https://www.sec.gov/Archives/edgar/data/1792789/000162828024005600/,2026-08-05T12:11:50+00:00,True,Latest annual filing available by 2024-04-30; source-tag priority breaks ties
dash,DASH,0001792789,2021,2021-12-31,,total_assets,us-gaap,Assets,1,6809000000.0,6809.0,USD,USD_millions,10-K,2022,FY,CY2021Q4I,0001628280-23-005131,2023-02-27,0,,https://www.sec.gov/Archives/edgar/data/1792789/000162828023005131/,2026-08-05T12:11:50+00:00,True,Latest annual filing available by 2024-04-30; source-tag priority breaks ties
dash,DASH,0001792789,2021,2021-12-31,,total_equity,us-gaap,StockholdersEquity,1,4667000000.0,4667.0,USD,USD_millions,10-K,2023,FY,,0001628280-24-005600,2024-02-20,0,,https://www.sec.gov/Archives/edgar/data/1792789/000162828024005600/,2026-08-05T12:11:50+00:00,True,Latest annual filing available by 2024-04-30; source-tag priority breaks ties
dash,DASH,0001792789,2021,2021-12-31,,total_liabilities,us-gaap,Liabilities,1,2142000000.0,2142.0,USD,USD_millions,10-K,2022,FY,CY2021Q4I,0001628280-23-005131,2023-02-27,0,,https://www.sec.gov/Archives/edgar/data/1792789/000162828023005131/,2026-08-05T12:11:50+00:00,True,Latest annual filing available by 2024-04-30; source-tag priority breaks ties
dash,DASH,0001792789,2022,2022-12-31,2022-01-01,capital_expenditure,us-gaap,PaymentsToAcquirePropertyPlantAndEquipment,1,176000000.0,176.0,USD,USD_millions,10-K,2023,FY,,0001628280-24-005600,2024-02-20,0,364.0,https://www.sec.gov/Archives/edgar/data/1792789/000162828024005600/,2026-08-05T12:11:50+00:00,True,Latest annual filing available by 2024-04-30; source-tag priority breaks ties
dash,DASH,0001792789,2022,2022-12-31,,cash_and_equivalents,us-gaap,CashAndCashEquivalentsAtCarryingValue,1,1977000000.0,1977.0,USD,USD_millions,10-K,2023,FY,,0001628280-24-005600,2024-02-20,0,,https://www.sec.gov/Archives/edgar/data/1792789/000162828024005600/,2026-08-05T12:11:50+00:00,True,Latest annual filing available by 2024-04-30; source-tag priority breaks ties
dash,DASH,0001792789,2022,2022-12-31,,current_assets,us-gaap,AssetsCurrent,1,4720000000.0,4720.0,USD,USD_millions,10-K,2023,FY,CY2022Q4I,0001628280-24-005600,2024-02-20,0,,https://www.sec.gov/Archives/edgar/data/1792789/000162828024005600/,2026-08-05T12:11:50+00:00,True,Latest annual filing available by 2024-04-30; source-tag priority breaks ties
dash,DASH,0001792789,2022,2022-12-31,,current_liabilities,us-gaap,LiabilitiesCurrent,1,2544000000.0,2544.0,USD,USD_millions,10-K,2023,FY,CY2022Q4I,0001628280-24-005600,2024-02-20,0,,https://www.sec.gov/Archives/edgar/data/1792789/000162828024005600/,2026-08-05T12:11:50+00:00,True,Latest annual filing available by 2024-04-30; source-tag priority breaks ties
dash,DASH,0001792789,2022,2022-12-31,2022-01-01,net_income,us-gaap,NetIncomeLoss,1,-1365000000.0,-1365.0,USD,USD_millions,10-K,2023,FY,,0001628280-24-005600,2024-02-20,0,364.0,https://www.sec.gov/Archives/edgar/data/1792789/000162828024005600/,2026-08-05T12:11:50+00:00,True,Latest annual filing available by 2024-04-30; source-tag priority breaks ties
dash,DASH,0001792789,2022,2022-12-31,2022-01-01,operating_cash_flow,us-gaap,NetCashProvidedByUsedInOperatingActivities,1,367000000.0,367.0,USD,USD_millions,10-K,2023,FY,,0001628280-24-005600,2024-02-20,0,364.0,https://www.sec.gov/Archives/edgar/data/1792789/000162828024005600/,2026-08-05T12:11:50+00:00,True,Latest annual filing available by 2024-04-30; source-tag priority breaks ties
dash,DASH,0001792789,2022,2022-12-31,2022-01-01,operating_income,us-gaap,OperatingIncomeLoss,1,-1124000000.0,-1124.0,USD,USD_millions,10-K,2023,FY,,0001628280-24-005600,2024-02-20,0,364.0,https://www.sec.gov/Archives/edgar/data/1792789/000162828024005600/,2026-08-05T12:11:50+00:00,True,Latest annual filing available by 2024-04-30; source-tag priority breaks ties
dash,DASH,0001792789,2022,2022-12-31,2022-01-01,revenue,us-gaap,RevenueFromContractWithCustomerExcludingAssessedTax,1,6583000000.0,6583.0,USD,USD_millions,10-K,2023,FY,,0001628280-24-005600,2024-02-20,0,364.0,https://www.sec.gov/Archives/edgar/data/1792789/000162828024005600/,2026-08-05T12:11:50+00:00,True,Latest annual filing available by 2024-04-30; source-tag priority breaks ties
dash,DASH,0001792789,2022,2022-12-31,,total_assets,us-gaap,Assets,1,9789000000.0,9789.0,USD,USD_millions,10-K,2023,FY,CY2022Q4I,0001628280-24-005600,2024-02-20,0,,https://www.sec.gov/Archives/edgar/data/1792789/000162828024005600/,2026-08-05T12:11:50+00:00,True,Latest annual filing available by 2024-04-30; source-tag priority breaks ties
dash,DASH,0001792789,2022,2022-12-31,,total_equity,us-gaap,StockholdersEquity,1,6754000000.0,6754.0,USD,USD_millions,10-K,2023,FY,,0001628280-24-005600,2024-02-20,0,,https://www.sec.gov/Archives/edgar/data/1792789/000162828024005600/,2026-08-05T12:11:50+00:00,True,Latest annual filing available by 2024-04-30; source-tag priority breaks ties
dash,DASH,0001792789,2022,2022-12-31,,total_liabilities,us-gaap,Liabilities,1,3021000000.0,3021.0,USD,USD_millions,10-K,2023,FY,CY2022Q4I,0001628280-24-005600,2024-02-20,0,,https://www.sec.gov/Archives/edgar/data/1792789/000162828024005600/,2026-08-05T12:11:50+00:00,True,Latest annual filing available by 2024-04-30; source-tag priority breaks ties
dash,DASH,0001792789,2023,2023-12-31,2023-01-01,capital_expenditure,us-gaap,PaymentsToAcquirePropertyPlantAndEquipment,1,123000000.0,123.0,USD,USD_millions,10-K,2023,FY,,0001628280-24-005600,2024-02-20,0,364.0,https://www.sec.gov/Archives/edgar/data/1792789/000162828024005600/,2026-08-05T12:11:50+00:00,True,Latest annual filing available by 2024-04-30; source-tag priority breaks ties
dash,DASH,0001792789,2023,2023-12-31,,cash_and_equivalents,us-gaap,CashAndCashEquivalentsAtCarryingValue,1,2656000000.0,2656.0,USD,USD_millions,10-K,2023,FY,,0001628280-24-005600,2024-02-20,0,,https://www.sec.gov/Archives/edgar/data/1792789/000162828024005600/,2026-08-05T12:11:50+00:00,True,Latest annual filing available by 2024-04-30; source-tag priority breaks ties
dash,DASH,0001792789,2023,2023-12-31,,current_assets,us-gaap,AssetsCurrent,1,5597000000.0,5597.0,USD,USD_millions,10-K,2023,FY,,0001628280-24-005600,2024-02-20,0,,https://www.sec.gov/Archives/edgar/data/1792789/000162828024005600/,2026-08-05T12:11:50+00:00,True,Latest annual filing available by 2024-04-30; source-tag priority breaks ties
dash,DASH,0001792789,2023,2023-12-31,,current_liabilities,us-gaap,LiabilitiesCurrent,1,3410000000.0,3410.0,USD,USD_millions,10-K,2023,FY,,0001628280-24-005600,2024-02-20,0,,https://www.sec.gov/Archives/edgar/data/1792789/000162828024005600/,2026-08-05T12:11:50+00:00,True,Latest annual filing available by 2024-04-30; source-tag priority breaks ties
dash,DASH,0001792789,2023,2023-12-31,2023-01-01,net_income,us-gaap,NetIncomeLoss,1,-558000000.0,-558.0,USD,USD_millions,10-K,2023,FY,,0001628280-24-005600,2024-02-20,0,364.0,https://www.sec.gov/Archives/edgar/data/1792789/000162828024005600/,2026-08-05T12:11:50+00:00,True,Latest annual filing available by 2024-04-30; source-tag priority breaks ties
dash,DASH,0001792789,2023,2023-12-31,2023-01-01,operating_cash_flow,us-gaap,NetCashProvidedByUsedInOperatingActivities,1,1673000000.0,1673.0,USD,USD_millions,10-K,2023,FY,,0001628280-24-005600,2024-02-20,0,364.0,https://www.sec.gov/Archives/edgar/data/1792789/000162828024005600/,2026-08-05T12:11:50+00:00,True,Latest annual filing available by 2024-04-30; source-tag priority breaks ties
dash,DASH,0001792789,2023,2023-12-31,2023-01-01,operating_income,us-gaap,OperatingIncomeLoss,1,-579000000.0,-579.0,USD,USD_millions,10-K,2023,FY,,0001628280-24-005600,2024-02-20,0,364.0,https://www.sec.gov/Archives/edgar/data/1792789/000162828024005600/,2026-08-05T12:11:50+00:00,True,Latest annual filing available by 2024-04-30; source-tag priority breaks ties
dash,DASH,0001792789,2023,2023-12-31,2023-01-01,revenue,us-gaap,RevenueFromContractWithCustomerExcludingAssessedTax,1,8635000000.0,8635.0,USD,USD_millions,10-K,2023,FY,,0001628280-24-005600,2024-02-20,0,364.0,https://www.sec.gov/Archives/edgar/data/1792789/000162828024005600/,2026-08-05T12:11:50+00:00,True,Latest annual filing available by 2024-04-30; source-tag priority breaks ties
dash,DASH,0001792789,2023,2023-12-31,,total_assets,us-gaap,Assets,1,10839000000.0,10839.0,USD,USD_millions,10-K,2023,FY,,0001628280-24-005600,2024-02-20,0,,https://www.sec.gov/Archives/edgar/data/1792789/000162828024005600/,2026-08-05T12:11:50+00:00,True,Latest annual filing available by 2024-04-30; source-tag priority breaks ties
dash,DASH,0001792789,2023,2023-12-31,,total_equity,us-gaap,StockholdersEquity,1,6806000000.0,6806.0,USD,USD_millions,10-K,2023,FY,,0001628280-24-005600,2024-02-20,0,,https://www.sec.gov/Archives/edgar/data/1792789/000162828024005600/,2026-08-05T12:11:50+00:00,True,Latest annual filing available by 2024-04-30; source-tag priority breaks ties
dash,DASH,0001792789,2023,2023-12-31,,total_liabilities,us-gaap,Liabilities,1,4026000000.0,4026.0,USD,USD_millions,10-K,2023,FY,,0001628280-24-005600,2024-02-20,0,,https://www.sec.gov/Archives/edgar/data/1792789/000162828024005600/,2026-08-05T12:11:50+00:00,True,Latest annual filing available by 2024-04-30; source-tag priority breaks ties
ebay,EBAY,0001065088,2021,2021-12-31,2021-01-01,capital_expenditure,us-gaap,PaymentsToAcquirePropertyPlantAndEquipment,1,444000000.0,444.0,USD,USD_millions,10-K,2023,FY,CY2021,0001065088-24-000036,2024-02-28,0,364.0,https://www.sec.gov/Archives/edgar/data/1065088/000106508824000036/,2026-08-05T12:11:50+00:00,True,Latest annual filing available by 2024-04-30; source-tag priority breaks ties
ebay,EBAY,0001065088,2021,2021-12-31,,cash_and_equivalents,us-gaap,CashAndCashEquivalentsAtCarryingValue,1,1379000000.0,1379.0,USD,USD_millions,10-K,2023,FY,CY2021Q4I,0001065088-24-000036,2024-02-28,0,,https://www.sec.gov/Archives/edgar/data/1065088/000106508824000036/,2026-08-05T12:11:50+00:00,True,Latest annual filing available by 2024-04-30; source-tag priority breaks ties
ebay,EBAY,0001065088,2021,2021-12-31,,current_assets,us-gaap,AssetsCurrent,1,9111000000.0,9111.0,USD,USD_millions,10-K,2022,FY,CY2021Q4I,0001065088-23-000006,2023-02-23,0,,https://www.sec.gov/Archives/edgar/data/1065088/000106508823000006/,2026-08-05T12:11:50+00:00,True,Latest annual filing available by 2024-04-30; source-tag priority breaks ties
ebay,EBAY,0001065088,2021,2021-12-31,,current_liabilities,us-gaap,LiabilitiesCurrent,1,4622000000.0,4622.0,USD,USD_millions,10-K,2022,FY,CY2021Q4I,0001065088-23-000006,2023-02-23,0,,https://www.sec.gov/Archives/edgar/data/1065088/000106508823000006/,2026-08-05T12:11:50+00:00,True,Latest annual filing available by 2024-04-30; source-tag priority breaks ties
ebay,EBAY,0001065088,2021,2021-12-31,2021-01-01,gross_profit,us-gaap,GrossProfit,1,7770000000.0,7770.0,USD,USD_millions,10-K,2023,FY,CY2021,0001065088-24-000036,2024-02-28,0,364.0,https://www.sec.gov/Archives/edgar/data/1065088/000106508824000036/,2026-08-05T12:11:50+00:00,True,Latest annual filing available by 2024-04-30; source-tag priority breaks ties
ebay,EBAY,0001065088,2021,2021-12-31,,long_term_debt,us-gaap,LongTermDebtNoncurrent,1,7727000000.0,7727.0,USD,USD_millions,10-K,2022,FY,CY2021Q4I,0001065088-23-000006,2023-02-23,0,,https://www.sec.gov/Archives/edgar/data/1065088/000106508823000006/,2026-08-05T12:11:50+00:00,True,Latest annual filing available by 2024-04-30; source-tag priority breaks ties
ebay,EBAY,0001065088,2021,2021-12-31,2021-01-01,net_income,us-gaap,NetIncomeLoss,1,13608000000.0,13608.0,USD,USD_millions,10-K,2023,FY,,0001065088-24-000036,2024-02-28,0,364.0,https://www.sec.gov/Archives/edgar/data/1065088/000106508824000036/,2026-08-05T12:11:50+00:00,True,Latest annual filing available by 2024-04-30; source-tag priority breaks ties
ebay,EBAY,0001065088,2021,2021-12-31,2021-01-01,operating_cash_flow,us-gaap,NetCashProvidedByUsedInOperatingActivities,1,2657000000.0,2657.0,USD,USD_millions,10-K,2023,FY,CY2021,0001065088-24-000036,2024-02-28,0,364.0,https://www.sec.gov/Archives/edgar/data/1065088/000106508824000036/,2026-08-05T12:11:50+00:00,True,Latest annual filing available by 2024-04-30; source-tag priority breaks ties
ebay,EBAY,0001065088,2021,2021-12-31,2021-01-01,operating_income,us-gaap,OperatingIncomeLoss,1,2923000000.0,2923.0,USD,USD_millions,10-K,2023,FY,CY2021,0001065088-24-000036,2024-02-28,0,364.0,https://www.sec.gov/Archives/edgar/data/1065088/000106508824000036/,2026-08-05T12:11:50+00:00,True,Latest annual filing available by 2024-04-30; source-tag priority breaks ties
ebay,EBAY,0001065088,2021,2021-12-31,2021-01-01,revenue,us-gaap,RevenueFromContractWithCustomerExcludingAssessedTax,1,10420000000.0,10420.0,USD,USD_millions,10-K,2023,FY,CY2021,0001065088-24-000036,2024-02-28,0,364.0,https://www.sec.gov/Archives/edgar/data/1065088/000106508824000036/,2026-08-05T12:11:50+00:00,True,Latest annual filing available by 2024-04-30; source-tag priority breaks ties
ebay,EBAY,0001065088,2021,2021-12-31,,total_assets,us-gaap,Assets,1,26626000000.0,26626.0,USD,USD_millions,10-K,2022,FY,CY2021Q4I,0001065088-23-000006,2023-02-23,0,,https://www.sec.gov/Archives/edgar/data/1065088/000106508823000006/,2026-08-05T12:11:50+00:00,True,Latest annual filing available by 2024-04-30; source-tag priority breaks ties
ebay,EBAY,0001065088,2021,2021-12-31,,total_debt,us-gaap,DebtLongtermAndShorttermCombinedAmount,1,9082000000.0,9082.0,USD,USD_millions,10-K,2022,FY,CY2021Q4I,0001065088-23-000006,2023-02-23,0,,https://www.sec.gov/Archives/edgar/data/1065088/000106508823000006/,2026-08-05T12:11:50+00:00,True,Latest annual filing available by 2024-04-30; source-tag priority breaks ties
ebay,EBAY,0001065088,2021,2021-12-31,,total_equity,us-gaap,StockholdersEquity,1,9778000000.0,9778.0,USD,USD_millions,10-K,2023,FY,CY2021Q4I,0001065088-24-000036,2024-02-28,0,,https://www.sec.gov/Archives/edgar/data/1065088/000106508824000036/,2026-08-05T12:11:50+00:00,True,Latest annual filing available by 2024-04-30; source-tag priority breaks ties
ebay,EBAY,0001065088,2021,2021-12-31,,total_liabilities,us-gaap,Liabilities,1,16848000000.0,16848.0,USD,USD_millions,10-K,2022,FY,CY2021Q4I,0001065088-23-000006,2023-02-23,0,,https://www.sec.gov/Archives/edgar/data/1065088/000106508823000006/,2026-08-05T12:11:50+00:00,True,Latest annual filing available by 2024-04-30; source-tag priority breaks ties
ebay,EBAY,0001065088,2022,2022-12-31,2022-01-01,capital_expenditure,us-gaap,PaymentsToAcquirePropertyPlantAndEquipment,1,449000000.0,449.0,USD,USD_millions,10-K,2023,FY,,0001065088-24-000036,2024-02-28,0,364.0,https://www.sec.gov/Archives/edgar/data/1065088/000106508824000036/,2026-08-05T12:11:50+00:00,True,Latest annual filing available by 2024-04-30; source-tag priority breaks ties
ebay,EBAY,0001065088,2022,2022-12-31,,cash_and_equivalents,us-gaap,CashAndCashEquivalentsAtCarryingValue,1,2154000000.0,2154.0,USD,USD_millions,10-K,2023,FY,,0001065088-24-000036,2024-02-28,0,,https://www.sec.gov/Archives/edgar/data/1065088/000106508824000036/,2026-08-05T12:11:50+00:00,True,Latest annual filing available by 2024-04-30; source-tag priority breaks ties
ebay,EBAY,0001065088,2022,2022-12-31,,current_assets,us-gaap,AssetsCurrent,1,9290000000.0,9290.0,USD,USD_millions,10-K,2023,FY,CY2022Q4I,0001065088-24-000036,2024-02-28,0,,https://www.sec.gov/Archives/edgar/data/1065088/000106508824000036/,2026-08-05T12:11:50+00:00,True,Latest annual filing available by 2024-04-30; source-tag priority breaks ties
ebay,EBAY,0001065088,2022,2022-12-31,,current_liabilities,us-gaap,LiabilitiesCurrent,1,4271000000.0,4271.0,USD,USD_millions,10-K,2023,FY,CY2022Q4I,0001065088-24-000036,2024-02-28,0,,https://www.sec.gov/Archives/edgar/data/1065088/000106508824000036/,2026-08-05T12:11:50+00:00,True,Latest annual filing available by 2024-04-30; source-tag priority breaks ties
ebay,EBAY,0001065088,2022,2022-12-31,2022-01-01,gross_profit,us-gaap,GrossProfit,1,7115000000.0,7115.0,USD,USD_millions,10-K,2023,FY,,0001065088-24-000036,2024-02-28,0,364.0,https://www.sec.gov/Archives/edgar/data/1065088/000106508824000036/,2026-08-05T12:11:50+00:00,True,Latest annual filing available by 2024-04-30; source-tag priority breaks ties
ebay,EBAY,0001065088,2022,2022-12-31,,long_term_debt,us-gaap,LongTermDebtNoncurrent,1,7721000000.0,7721.0,USD,USD_millions,10-K,2023,FY,CY2022Q4I,0001065088-24-000036,2024-02-28,0,,https://www.sec.gov/Archives/edgar/data/1065088/000106508824000036/,2026-08-05T12:11:50+00:00,True,Latest annual filing available by 2024-04-30; source-tag priority breaks ties
ebay,EBAY,0001065088,2022,2022-12-31,2022-01-01,net_income,us-gaap,NetIncomeLoss,1,-1269000000.0,-1269.0,USD,USD_millions,10-K,2023,FY,,0001065088-24-000036,2024-02-28,0,364.0,https://www.sec.gov/Archives/edgar/data/1065088/000106508824000036/,2026-08-05T12:11:50+00:00,True,Latest annual filing available by 2024-04-30; source-tag priority breaks ties
ebay,EBAY,0001065088,2022,2022-12-31,2022-01-01,operating_cash_flow,us-gaap,NetCashProvidedByUsedInOperatingActivities,1,2254000000.0,2254.0,USD,USD_millions,10-K,2023,FY,,0001065088-24-000036,2024-02-28,0,364.0,https://www.sec.gov/Archives/edgar/data/1065088/000106508824000036/,2026-08-05T12:11:50+00:00,True,Latest annual filing available by 2024-04-30; source-tag priority breaks ties
ebay,EBAY,0001065088,2022,2022-12-31,2022-01-01,operating_income,us-gaap,OperatingIncomeLoss,1,2350000000.0,2350.0,USD,USD_millions,10-K,2023,FY,,0001065088-24-000036,2024-02-28,0,364.0,https://www.sec.gov/Archives/edgar/data/1065088/000106508824000036/,2026-08-05T12:11:50+00:00,True,Latest annual filing available by 2024-04-30; source-tag priority breaks ties
ebay,EBAY,0001065088,2022,2022-12-31,2022-01-01,revenue,us-gaap,RevenueFromContractWithCustomerExcludingAssessedTax,1,9795000000.0,9795.0,USD,USD_millions,10-K,2023,FY,,0001065088-24-000036,2024-02-28,0,364.0,https://www.sec.gov/Archives/edgar/data/1065088/000106508824000036/,2026-08-05T12:11:50+00:00,True,Latest annual filing available by 2024-04-30; source-tag priority breaks ties
ebay,EBAY,0001065088,2022,2022-12-31,,total_assets,us-gaap,Assets,1,20850000000.0,20850.0,USD,USD_millions,10-K,2023,FY,CY2022Q4I,0001065088-24-000036,2024-02-28,0,,https://www.sec.gov/Archives/edgar/data/1065088/000106508824000036/,2026-08-05T12:11:50+00:00,True,Latest annual filing available by 2024-04-30; source-tag priority breaks ties
ebay,EBAY,0001065088,2022,2022-12-31,,total_debt,us-gaap,DebtLongtermAndShorttermCombinedAmount,1,8871000000.0,8871.0,USD,USD_millions,10-K,2023,FY,CY2022Q4I,0001065088-24-000036,2024-02-28,0,,https://www.sec.gov/Archives/edgar/data/1065088/000106508824000036/,2026-08-05T12:11:50+00:00,True,Latest annual filing available by 2024-04-30; source-tag priority breaks ties
ebay,EBAY,0001065088,2022,2022-12-31,,total_equity,us-gaap,StockholdersEquity,1,5153000000.0,5153.0,USD,USD_millions,10-K,2023,FY,,0001065088-24-000036,2024-02-28,0,,https://www.sec.gov/Archives/edgar/data/1065088/000106508824000036/,2026-08-05T12:11:50+00:00,True,Latest annual filing available by 2024-04-30; source-tag priority breaks ties
ebay,EBAY,0001065088,2022,2022-12-31,,total_liabilities,us-gaap,Liabilities,1,15697000000.0,15697.0,USD,USD_millions,10-K,2023,FY,CY2022Q4I,0001065088-24-000036,2024-02-28,0,,https://www.sec.gov/Archives/edgar/data/1065088/000106508824000036/,2026-08-05T12:11:50+00:00,True,Latest annual filing available by 2024-04-30; source-tag priority breaks ties
ebay,EBAY,0001065088,2023,2023-12-31,2023-01-01,capital_expenditure,us-gaap,PaymentsToAcquirePropertyPlantAndEquipment,1,456000000.0,456.0,USD,USD_millions,10-K,2023,FY,,0001065088-24-000036,2024-02-28,0,364.0,https://www.sec.gov/Archives/edgar/data/1065088/000106508824000036/,2026-08-05T12:11:50+00:00,True,Latest annual filing available by 2024-04-30; source-tag priority breaks ties
ebay,EBAY,0001065088,2023,2023-12-31,,cash_and_equivalents,us-gaap,CashAndCashEquivalentsAtCarryingValue,1,1985000000.0,1985.0,USD,USD_millions,10-K,2023,FY,,0001065088-24-000036,2024-02-28,0,,https://www.sec.gov/Archives/edgar/data/1065088/000106508824000036/,2026-08-05T12:11:50+00:00,True,Latest annual filing available by 2024-04-30; source-tag priority breaks ties
ebay,EBAY,0001065088,2023,2023-12-31,,current_assets,us-gaap,AssetsCurrent,1,11016000000.0,11016.0,USD,USD_millions,10-K,2023,FY,,0001065088-24-000036,2024-02-28,0,,https://www.sec.gov/Archives/edgar/data/1065088/000106508824000036/,2026-08-05T12:11:50+00:00,True,Latest annual filing available by 2024-04-30; source-tag priority breaks ties
ebay,EBAY,0001065088,2023,2023-12-31,,current_liabilities,us-gaap,LiabilitiesCurrent,1,4520000000.0,4520.0,USD,USD_millions,10-K,2023,FY,,0001065088-24-000036,2024-02-28,0,,https://www.sec.gov/Archives/edgar/data/1065088/000106508824000036/,2026-08-05T12:11:50+00:00,True,Latest annual filing available by 2024-04-30; source-tag priority breaks ties
ebay,EBAY,0001065088,2023,2023-12-31,2023-01-01,gross_profit,us-gaap,GrossProfit,1,7279000000.0,7279.0,USD,USD_millions,10-K,2023,FY,,0001065088-24-000036,2024-02-28,0,364.0,https://www.sec.gov/Archives/edgar/data/1065088/000106508824000036/,2026-08-05T12:11:50+00:00,True,Latest annual filing available by 2024-04-30; source-tag priority breaks ties
ebay,EBAY,0001065088,2023,2023-12-31,,long_term_debt,us-gaap,LongTermDebtNoncurrent,1,6973000000.0,6973.0,USD,USD_millions,10-K,2023,FY,CY2023Q4I,0001065088-24-000036,2024-02-28,0,,https://www.sec.gov/Archives/edgar/data/1065088/000106508824000036/,2026-08-05T12:11:50+00:00,True,Latest annual filing available by 2024-04-30; source-tag priority breaks ties
ebay,EBAY,0001065088,2023,2023-12-31,2023-01-01,net_income,us-gaap,NetIncomeLoss,1,2767000000.0,2767.0,USD,USD_millions,10-K,2023,FY,,0001065088-24-000036,2024-02-28,0,364.0,https://www.sec.gov/Archives/edgar/data/1065088/000106508824000036/,2026-08-05T12:11:50+00:00,True,Latest annual filing available by 2024-04-30; source-tag priority breaks ties
ebay,EBAY,0001065088,2023,2023-12-31,2023-01-01,operating_cash_flow,us-gaap,NetCashProvidedByUsedInOperatingActivities,1,2426000000.0,2426.0,USD,USD_millions,10-K,2023,FY,,0001065088-24-000036,2024-02-28,0,364.0,https://www.sec.gov/Archives/edgar/data/1065088/000106508824000036/,2026-08-05T12:11:50+00:00,True,Latest annual filing available by 2024-04-30; source-tag priority breaks ties
ebay,EBAY,0001065088,2023,2023-12-31,2023-01-01,operating_income,us-gaap,OperatingIncomeLoss,1,1941000000.0,1941.0,USD,USD_millions,10-K,2023,FY,,0001065088-24-000036,2024-02-28,0,364.0,https://www.sec.gov/Archives/edgar/data/1065088/000106508824000036/,2026-08-05T12:11:50+00:00,True,Latest annual filing available by 2024-04-30; source-tag priority breaks ties
ebay,EBAY,0001065088,2023,2023-12-31,2023-01-01,revenue,us-gaap,RevenueFromContractWithCustomerExcludingAssessedTax,1,10112000000.0,10112.0,USD,USD_millions,10-K,2023,FY,,0001065088-24-000036,2024-02-28,0,364.0,https://www.sec.gov/Archives/edgar/data/1065088/000106508824000036/,2026-08-05T12:11:50+00:00,True,Latest annual filing available by 2024-04-30; source-tag priority breaks ties
ebay,EBAY,0001065088,2023,2023-12-31,,total_assets,us-gaap,Assets,1,21620000000.0,21620.0,USD,USD_millions,10-K,2023,FY,,0001065088-24-000036,2024-02-28,0,,https://www.sec.gov/Archives/edgar/data/1065088/000106508824000036/,2026-08-05T12:11:50+00:00,True,Latest annual filing available by 2024-04-30; source-tag priority breaks ties
ebay,EBAY,0001065088,2023,2023-12-31,,total_debt,us-gaap,DebtLongtermAndShorttermCombinedAmount,1,7723000000.0,7723.0,USD,USD_millions,10-K,2023,FY,CY2023Q4I,0001065088-24-000036,2024-02-28,0,,https://www.sec.gov/Archives/edgar/data/1065088/000106508824000036/,2026-08-05T12:11:50+00:00,True,Latest annual filing available by 2024-04-30; source-tag priority breaks ties
ebay,EBAY,0001065088,2023,2023-12-31,,total_equity,us-gaap,StockholdersEquity,1,6396000000.0,6396.0,USD,USD_millions,10-K,2023,FY,,0001065088-24-000036,2024-02-28,0,,https://www.sec.gov/Archives/edgar/data/1065088/000106508824000036/,2026-08-05T12:11:50+00:00,True,Latest annual filing available by 2024-04-30; source-tag priority breaks ties
ebay,EBAY,0001065088,2023,2023-12-31,,total_liabilities,us-gaap,Liabilities,1,15224000000.0,15224.0,USD,USD_millions,10-K,2023,FY,,0001065088-24-000036,2024-02-28,0,,https://www.sec.gov/Archives/edgar/data/1065088/000106508824000036/,2026-08-05T12:11:50+00:00,True,Latest annual filing available by 2024-04-30; source-tag priority breaks ties
etsy,ETSY,0001370637,2021,2021-12-31,2021-01-01,capital_expenditure,us-gaap,PaymentsToAcquirePropertyPlantAndEquipment,1,11248000.0,11.248,USD,USD_millions,10-K,2023,FY,CY2021,0001370637-24-000013,2024-02-22,0,364.0,https://www.sec.gov/Archives/edgar/data/1370637/000137063724000013/,2026-08-05T12:11:50+00:00,True,Latest annual filing available by 2024-04-30; source-tag priority breaks ties
etsy,ETSY,0001370637,2021,2021-12-31,,cash_and_equivalents,us-gaap,CashAndCashEquivalentsAtCarryingValue,1,780196000.0,780.196,USD,USD_millions,10-K,2023,FY,CY2021Q4I,0001370637-24-000013,2024-02-22,0,,https://www.sec.gov/Archives/edgar/data/1370637/000137063724000013/,2026-08-05T12:11:50+00:00,True,Latest annual filing available by 2024-04-30; source-tag priority breaks ties
etsy,ETSY,0001370637,2021,2021-12-31,,current_assets,us-gaap,AssetsCurrent,1,1341501000.0,1341.501,USD,USD_millions,10-K,2022,FY,CY2021Q4I,0001370637-23-000017,2023-02-23,0,,https://www.sec.gov/Archives/edgar/data/1370637/000137063723000017/,2026-08-05T12:11:50+00:00,True,Latest annual filing available by 2024-04-30; source-tag priority breaks ties
etsy,ETSY,0001370637,2021,2021-12-31,,current_liabilities,us-gaap,LiabilitiesCurrent,1,615588000.0,615.588,USD,USD_millions,10-K,2022,FY,CY2021Q4I,0001370637-23-000017,2023-02-23,0,,https://www.sec.gov/Archives/edgar/data/1370637/000137063723000017/,2026-08-05T12:11:50+00:00,True,Latest annual filing available by 2024-04-30; source-tag priority breaks ties
etsy,ETSY,0001370637,2021,2021-12-31,2021-01-01,gross_profit,us-gaap,GrossProfit,1,1674602000.0,1674.602,USD,USD_millions,10-K,2023,FY,CY2021,0001370637-24-000013,2024-02-22,0,364.0,https://www.sec.gov/Archives/edgar/data/1370637/000137063724000013/,2026-08-05T12:11:50+00:00,True,Latest annual filing available by 2024-04-30; source-tag priority breaks ties
etsy,ETSY,0001370637,2021,2021-12-31,2021-01-01,net_income,us-gaap,NetIncomeLoss,1,493507000.0,493.507,USD,USD_millions,10-K,2023,FY,,0001370637-24-000013,2024-02-22,0,364.0,https://www.sec.gov/Archives/edgar/data/1370637/000137063724000013/,2026-08-05T12:11:50+00:00,True,Latest annual filing available by 2024-04-30; source-tag priority breaks ties
etsy,ETSY,0001370637,2021,2021-12-31,2021-01-01,operating_cash_flow,us-gaap,NetCashProvidedByUsedInOperatingActivities,1,651551000.0,651.551,USD,USD_millions,10-K,2023,FY,CY2021,0001370637-24-000013,2024-02-22,0,364.0,https://www.sec.gov/Archives/edgar/data/1370637/000137063724000013/,2026-08-05T12:11:50+00:00,True,Latest annual filing available by 2024-04-30; source-tag priority breaks ties
etsy,ETSY,0001370637,2021,2021-12-31,2021-01-01,operating_income,us-gaap,OperatingIncomeLoss,1,465732000.0,465.732,USD,USD_millions,10-K,2023,FY,CY2021,0001370637-24-000013,2024-02-22,0,364.0,https://www.sec.gov/Archives/edgar/data/1370637/000137063724000013/,2026-08-05T12:11:50+00:00,True,Latest annual filing available by 2024-04-30; source-tag priority breaks ties
etsy,ETSY,0001370637,2021,2021-12-31,2021-01-01,revenue,us-gaap,RevenueFromContractWithCustomerExcludingAssessedTax,1,2329114000.0,2329.114,USD,USD_millions,10-K,2023,FY,CY2021,0001370637-24-000013,2024-02-22,0,364.0,https://www.sec.gov/Archives/edgar/data/1370637/000137063724000013/,2026-08-05T12:11:50+00:00,True,Latest annual filing available by 2024-04-30; source-tag priority breaks ties
etsy,ETSY,0001370637,2021,2021-12-31,,total_assets,us-gaap,Assets,1,3831809000.0,3831.809,USD,USD_millions,10-K,2022,FY,CY2021Q4I,0001370637-23-000017,2023-02-23,0,,https://www.sec.gov/Archives/edgar/data/1370637/000137063723000017/,2026-08-05T12:11:50+00:00,True,Latest annual filing available by 2024-04-30; source-tag priority breaks ties
etsy,ETSY,0001370637,2021,2021-12-31,,total_equity,us-gaap,StockholdersEquity,1,628619000.0,628.619,USD,USD_millions,10-K,2023,FY,,0001370637-24-000013,2024-02-22,0,,https://www.sec.gov/Archives/edgar/data/1370637/000137063724000013/,2026-08-05T12:11:50+00:00,True,Latest annual filing available by 2024-04-30; source-tag priority breaks ties
etsy,ETSY,0001370637,2021,2021-12-31,,total_liabilities,us-gaap,Liabilities,1,3203190000.0,3203.19,USD,USD_millions,10-K,2022,FY,CY2021Q4I,0001370637-23-000017,2023-02-23,0,,https://www.sec.gov/Archives/edgar/data/1370637/000137063723000017/,2026-08-05T12:11:50+00:00,True,Latest annual filing available by 2024-04-30; source-tag priority breaks ties
etsy,ETSY,0001370637,2022,2022-12-31,2022-01-01,capital_expenditure,us-gaap,PaymentsToAcquirePropertyPlantAndEquipment,1,10237000.0,10.237,USD,USD_millions,10-K,2023,FY,,0001370637-24-000013,2024-02-22,0,364.0,https://www.sec.gov/Archives/edgar/data/1370637/000137063724000013/,2026-08-05T12:11:50+00:00,True,Latest annual filing available by 2024-04-30; source-tag priority breaks ties
etsy,ETSY,0001370637,2022,2022-12-31,,cash_and_equivalents,us-gaap,CashAndCashEquivalentsAtCarryingValue,1,921278000.0,921.278,USD,USD_millions,10-K,2023,FY,,0001370637-24-000013,2024-02-22,0,,https://www.sec.gov/Archives/edgar/data/1370637/000137063724000013/,2026-08-05T12:11:50+00:00,True,Latest annual filing available by 2024-04-30; source-tag priority breaks ties
etsy,ETSY,0001370637,2022,2022-12-31,,current_assets,us-gaap,AssetsCurrent,1,1513743000.0,1513.743,USD,USD_millions,10-K,2023,FY,CY2022Q4I,0001370637-24-000013,2024-02-22,0,,https://www.sec.gov/Archives/edgar/data/1370637/000137063724000013/,2026-08-05T12:11:50+00:00,True,Latest annual filing available by 2024-04-30; source-tag priority breaks ties
etsy,ETSY,0001370637,2022,2022-12-31,,current_liabilities,us-gaap,LiabilitiesCurrent,1,631755000.0,631.755,USD,USD_millions,10-K,2023,FY,CY2022Q4I,0001370637-24-000013,2024-02-22,0,,https://www.sec.gov/Archives/edgar/data/1370637/000137063724000013/,2026-08-05T12:11:50+00:00,True,Latest annual filing available by 2024-04-30; source-tag priority breaks ties
etsy,ETSY,0001370637,2022,2022-12-31,2022-01-01,gross_profit,us-gaap,GrossProfit,1,1821519000.0,1821.519,USD,USD_millions,10-K,2023,FY,,0001370637-24-000013,2024-02-22,0,364.0,https://www.sec.gov/Archives/edgar/data/1370637/000137063724000013/,2026-08-05T12:11:50+00:00,True,Latest annual filing available by 2024-04-30; source-tag priority breaks ties
etsy,ETSY,0001370637,2022,2022-12-31,2022-01-01,net_income,us-gaap,NetIncomeLoss,1,-694288000.0,-694.288,USD,USD_millions,10-K,2023,FY,,0001370637-24-000013,2024-02-22,0,364.0,https://www.sec.gov/Archives/edgar/data/1370637/000137063724000013/,2026-08-05T12:11:50+00:00,True,Latest annual filing available by 2024-04-30; source-tag priority breaks ties
etsy,ETSY,0001370637,2022,2022-12-31,2022-01-01,operating_cash_flow,us-gaap,NetCashProvidedByUsedInOperatingActivities,1,683612000.0,683.612,USD,USD_millions,10-K,2023,FY,,0001370637-24-000013,2024-02-22,0,364.0,https://www.sec.gov/Archives/edgar/data/1370637/000137063724000013/,2026-08-05T12:11:50+00:00,True,Latest annual filing available by 2024-04-30; source-tag priority breaks ties
etsy,ETSY,0001370637,2022,2022-12-31,2022-01-01,operating_income,us-gaap,OperatingIncomeLoss,1,-658560000.0,-658.56,USD,USD_millions,10-K,2023,FY,,0001370637-24-000013,2024-02-22,0,364.0,https://www.sec.gov/Archives/edgar/data/1370637/000137063724000013/,2026-08-05T12:11:50+00:00,True,Latest annual filing available by 2024-04-30; source-tag priority breaks ties
etsy,ETSY,0001370637,2022,2022-12-31,2022-01-01,revenue,us-gaap,RevenueFromContractWithCustomerExcludingAssessedTax,1,2566111000.0,2566.111,USD,USD_millions,10-K,2023,FY,,0001370637-24-000013,2024-02-22,0,364.0,https://www.sec.gov/Archives/edgar/data/1370637/000137063724000013/,2026-08-05T12:11:50+00:00,True,Latest annual filing available by 2024-04-30; source-tag priority breaks ties
etsy,ETSY,0001370637,2022,2022-12-31,,total_assets,us-gaap,Assets,1,2634961000.0,2634.961,USD,USD_millions,10-K,2023,FY,CY2022Q4I,0001370637-24-000013,2024-02-22,0,,https://www.sec.gov/Archives/edgar/data/1370637/000137063724000013/,2026-08-05T12:11:50+00:00,True,Latest annual filing available by 2024-04-30; source-tag priority breaks ties
etsy,ETSY,0001370637,2022,2022-12-31,,total_equity,us-gaap,StockholdersEquity,1,-547274000.0,-547.274,USD,USD_millions,10-K,2023,FY,,0001370637-24-000013,2024-02-22,0,,https://www.sec.gov/Archives/edgar/data/1370637/000137063724000013/,2026-08-05T12:11:50+00:00,True,Latest annual filing available by 2024-04-30; source-tag priority breaks ties
etsy,ETSY,0001370637,2022,2022-12-31,,total_liabilities,us-gaap,Liabilities,1,3182235000.0,3182.235,USD,USD_millions,10-K,2023,FY,CY2022Q4I,0001370637-24-000013,2024-02-22,0,,https://www.sec.gov/Archives/edgar/data/1370637/000137063724000013/,2026-08-05T12:11:50+00:00,True,Latest annual filing available by 2024-04-30; source-tag priority breaks ties
etsy,ETSY,0001370637,2023,2023-12-31,2023-01-01,capital_expenditure,us-gaap,PaymentsToAcquirePropertyPlantAndEquipment,1,12938000.0,12.938,USD,USD_millions,10-K,2023,FY,,0001370637-24-000013,2024-02-22,0,364.0,https://www.sec.gov/Archives/edgar/data/1370637/000137063724000013/,2026-08-05T12:11:50+00:00,True,Latest annual filing available by 2024-04-30; source-tag priority breaks ties
etsy,ETSY,0001370637,2023,2023-12-31,,cash_and_equivalents,us-gaap,CashAndCashEquivalentsAtCarryingValue,1,914323000.0,914.323,USD,USD_millions,10-K,2023,FY,,0001370637-24-000013,2024-02-22,0,,https://www.sec.gov/Archives/edgar/data/1370637/000137063724000013/,2026-08-05T12:11:50+00:00,True,Latest annual filing available by 2024-04-30; source-tag priority breaks ties
etsy,ETSY,0001370637,2023,2023-12-31,,current_assets,us-gaap,AssetsCurrent,1,1570446000.0,1570.446,USD,USD_millions,10-K,2023,FY,,0001370637-24-000013,2024-02-22,0,,https://www.sec.gov/Archives/edgar/data/1370637/000137063724000013/,2026-08-05T12:11:50+00:00,True,Latest annual filing available by 2024-04-30; source-tag priority breaks ties
etsy,ETSY,0001370637,2023,2023-12-31,,current_liabilities,us-gaap,LiabilitiesCurrent,1,710781000.0,710.781,USD,USD_millions,10-K,2023,FY,,0001370637-24-000013,2024-02-22,0,,https://www.sec.gov/Archives/edgar/data/1370637/000137063724000013/,2026-08-05T12:11:50+00:00,True,Latest annual filing available by 2024-04-30; source-tag priority breaks ties
etsy,ETSY,0001370637,2023,2023-12-31,2023-01-01,gross_profit,us-gaap,GrossProfit,1,1919702000.0,1919.702,USD,USD_millions,10-K,2023,FY,,0001370637-24-000013,2024-02-22,0,364.0,https://www.sec.gov/Archives/edgar/data/1370637/000137063724000013/,2026-08-05T12:11:50+00:00,True,Latest annual filing available by 2024-04-30; source-tag priority breaks ties
etsy,ETSY,0001370637,2023,2023-12-31,2023-01-01,net_income,us-gaap,NetIncomeLoss,1,307568000.0,307.568,USD,USD_millions,10-K,2023,FY,,0001370637-24-000013,2024-02-22,0,364.0,https://www.sec.gov/Archives/edgar/data/1370637/000137063724000013/,2026-08-05T12:11:50+00:00,True,Latest annual filing available by 2024-04-30; source-tag priority breaks ties
etsy,ETSY,0001370637,2023,2023-12-31,2023-01-01,operating_cash_flow,us-gaap,NetCashProvidedByUsedInOperatingActivities,1,705513000.0,705.513,USD,USD_millions,10-K,2023,FY,,0001370637-24-000013,2024-02-22,0,364.0,https://www.sec.gov/Archives/edgar/data/1370637/000137063724000013/,2026-08-05T12:11:50+00:00,True,Latest annual filing available by 2024-04-30; source-tag priority breaks ties
etsy,ETSY,0001370637,2023,2023-12-31,2023-01-01,operating_income,us-gaap,OperatingIncomeLoss,1,279841000.0,279.841,USD,USD_millions,10-K,2023,FY,,0001370637-24-000013,2024-02-22,0,364.0,https://www.sec.gov/Archives/edgar/data/1370637/000137063724000013/,2026-08-05T12:11:50+00:00,True,Latest annual filing available by 2024-04-30; source-tag priority breaks ties
etsy,ETSY,0001370637,2023,2023-12-31,2023-01-01,revenue,us-gaap,RevenueFromContractWithCustomerExcludingAssessedTax,1,2748377000.0,2748.377,USD,USD_millions,10-K,2023,FY,,0001370637-24-000013,2024-02-22,0,364.0,https://www.sec.gov/Archives/edgar/data/1370637/000137063724000013/,2026-08-05T12:11:50+00:00,True,Latest annual filing available by 2024-04-30; source-tag priority breaks ties
etsy,ETSY,0001370637,2023,2023-12-31,,total_assets,us-gaap,Assets,1,2685400000.0,2685.4,USD,USD_millions,10-K,2023,FY,,0001370637-24-000013,2024-02-22,0,,https://www.sec.gov/Archives/edgar/data/1370637/000137063724000013/,2026-08-05T12:11:50+00:00,True,Latest annual filing available by 2024-04-30; source-tag priority breaks ties
etsy,ETSY,0001370637,2023,2023-12-31,,total_equity,us-gaap,StockholdersEquity,1,-543715000.0,-543.715,USD,USD_millions,10-K,2023,FY,,0001370637-24-000013,2024-02-22,0,,https://www.sec.gov/Archives/edgar/data/1370637/000137063724000013/,2026-08-05T12:11:50+00:00,True,Latest annual filing available by 2024-04-30; source-tag priority breaks ties
etsy,ETSY,0001370637,2023,2023-12-31,,total_liabilities,us-gaap,Liabilities,1,3229115000.0,3229.115,USD,USD_millions,10-K,2023,FY,,0001370637-24-000013,2024-02-22,0,,https://www.sec.gov/Archives/edgar/data/1370637/000137063724000013/,2026-08-05T12:11:50+00:00,True,Latest annual filing available by 2024-04-30; source-tag priority breaks ties
