company_id,ticker,cik,artifact,relative_path,source_url,sha256,fetched_at
abnb,ABNB,0001559720,companyfacts,data/raw/sec/CIK0001559720/companyfacts.json.gz,https://data.sec.gov/api/xbrl/companyfacts/CIK0001559720.json,4517bed366985f22865ea16e23167d7d2a7d6d627ac2340bbda458ecb33dc0df,2026-08-05T17:49:37+00:00
abnb,ABNB,0001559720,submissions,data/raw/sec/CIK0001559720/submissions.json.gz,https://data.sec.gov/submissions/CIK0001559720.json,0258e7abc72af0558f33cba57fcb8cc8c41594e76a9926b6f410aaaca143cbff,2026-08-05T17:49:37+00:00
amzn,AMZN,0001018724,companyfacts,data/raw/sec/CIK0001018724/companyfacts.json.gz,https://data.sec.gov/api/xbrl/companyfacts/CIK0001018724.json,5202f1439c4bb06ffbde629dddc6bb38f8833a95ae61b05dfcead86ded46d130,2026-08-05T12:11:50+00:00
amzn,AMZN,0001018724,submissions,data/raw/sec/CIK0001018724/submissions.json.gz,https://data.sec.gov/submissions/CIK0001018724.json,4145186914d12ae54bbf396bc8167f85ae1f0b5a17c6913c5a3c6f98ddca54b6,2026-08-05T12:11:50+00:00
bird,BIRD,0001653909,companyfacts,data/raw/sec/CIK0001653909/companyfacts.json.gz,https://data.sec.gov/api/xbrl/companyfacts/CIK0001653909.json,8f24dadd147d31f8e2380126cbb07626acdd6aa3e37e1b95a70732e57f169b24,2026-08-05T17:49:37+00:00
bird,BIRD,0001653909,submissions,data/raw/sec/CIK0001653909/submissions.json.gz,https://data.sec.gov/submissions/CIK0001653909.json,748873ad4da7134666d791027241d996cd9d6d0c4f067011e4de728e8ab3d83e,2026-08-05T17:49:37+00:00
bkng,BKNG,0001075531,companyfacts,data/raw/sec/CIK0001075531/companyfacts.json.gz,https://data.sec.gov/api/xbrl/companyfacts/CIK0001075531.json,74047040038b68aaf9625df4b8894b5718c52058fd30ccec7f6a8709b34065b5,2026-08-05T12:11:50+00:00
bkng,BKNG,0001075531,submissions,data/raw/sec/CIK0001075531/submissions.json.gz,https://data.sec.gov/submissions/CIK0001075531.json,fff706a183120c2b6474e1a2fc73f81f73f6bc1049b1bbd506aef05b270aba87,2026-08-05T12:11:50+00:00
byon,BYON,0001130713,companyfacts,data/raw/sec/CIK0001130713/companyfacts.json.gz,https://data.sec.gov/api/xbrl/companyfacts/CIK0001130713.json,42daaa6100d6e2470b1ed6babb2fdd1def075348b0dabd7d50599389554e4c87,2026-08-05T17:49:37+00:00
byon,BYON,0001130713,submissions,data/raw/sec/CIK0001130713/submissions.json.gz,https://data.sec.gov/submissions/CIK0001130713.json,75d77960e7d58c3fb43482d1449a56b86abc3a34200045773b250d40ce4e59f5,2026-08-05T17:49:37+00:00
cars,CARS,0001683606,companyfacts,data/raw/sec/CIK0001683606/companyfacts.json.gz,https://data.sec.gov/api/xbrl/companyfacts/CIK0001683606.json,1431afec351bba67256e52c701c8b4dea7ba86efaeb1d569dee25a197f9c0f9f,2026-08-05T17:49:37+00:00
cars,CARS,0001683606,submissions,data/raw/sec/CIK0001683606/submissions.json.gz,https://data.sec.gov/submissions/CIK0001683606.json,a25dfad15ef9c15ae15da46e739011f062c42f03d8b36b222a97841aba0fc6db,2026-08-05T17:49:37+00:00
chwy,CHWY,0001766502,companyfacts,data/raw/sec/CIK0001766502/companyfacts.json.gz,https://data.sec.gov/api/xbrl/companyfacts/CIK0001766502.json,64fb7b4c94e7fd40fe4953981110142cba7f27d841a0f0c8d4fb1a2ff813bf1d,2026-08-05T12:11:50+00:00
chwy,CHWY,0001766502,submissions,data/raw/sec/CIK0001766502/submissions.json.gz,https://data.sec.gov/submissions/CIK0001766502.json,ec18f58bea7a48bb87f5da54af7bd3af9c45f8952dfe99e4bb9f6343f55400b4,2026-08-05T12:11:50+00:00
cvna,CVNA,0001690820,companyfacts,data/raw/sec/CIK0001690820/companyfacts.json.gz,https://data.sec.gov/api/xbrl/companyfacts/CIK0001690820.json,79a1016016d5567cb50a4e0e227f617e4436c27d7cdc436c6de3330f163286ba,2026-08-05T17:49:37+00:00
cvna,CVNA,0001690820,submissions,data/raw/sec/CIK0001690820/submissions.json.gz,https://data.sec.gov/submissions/CIK0001690820.json,7d5360f0b35563eed856d960de0ac502ac6ce497d5a44559da1300dcefd414b0,2026-08-05T17:49:37+00:00
dash,DASH,0001792789,companyfacts,data/raw/sec/CIK0001792789/companyfacts.json.gz,https://data.sec.gov/api/xbrl/companyfacts/CIK0001792789.json,5c167fedbb532013c7f473085cbe818ea38fdcdfdad65e527ce3fc7d3ecd3fb1,2026-08-05T12:11:50+00:00
dash,DASH,0001792789,submissions,data/raw/sec/CIK0001792789/submissions.json.gz,https://data.sec.gov/submissions/CIK0001792789.json,aaab930014ef4af50c0dd5aaede795ef2d07a5827883f6506e68af2a05e0589e,2026-08-05T12:11:50+00:00
ebay,EBAY,0001065088,companyfacts,data/raw/sec/CIK0001065088/companyfacts.json.gz,https://data.sec.gov/api/xbrl/companyfacts/CIK0001065088.json,3f5ee3dcafa9ee11afc180caeaf3fbf396b9d439ece45a5970c97065fbec2d63,2026-08-05T12:11:50+00:00
ebay,EBAY,0001065088,submissions,data/raw/sec/CIK0001065088/submissions.json.gz,https://data.sec.gov/submissions/CIK0001065088.json,0b953628f45cb05478bebbd7a0bbdfa9acc9565f66b3d47209f5f08599cc453b,2026-08-05T12:11:50+00:00
etsy,ETSY,0001370637,companyfacts,data/raw/sec/CIK0001370637/companyfacts.json.gz,https://data.sec.gov/api/xbrl/companyfacts/CIK0001370637.json,a16a4f336e9c8cf7db849d53c38285f0dd32bcf48608a073be5d3f87afb27e61,2026-08-05T12:11:50+00:00
etsy,ETSY,0001370637,submissions,data/raw/sec/CIK0001370637/submissions.json.gz,https://data.sec.gov/submissions/CIK0001370637.json,c2a25f9283c248b8264e9bd70591b502d6f6aa66e0358de509a73209f9595e75,2026-08-05T12:11:50+00:00
expe,EXPE,0001324424,companyfacts,data/raw/sec/CIK0001324424/companyfacts.json.gz,https://data.sec.gov/api/xbrl/companyfacts/CIK0001324424.json,1bba5bbe90914f3af660de13a97e9bb5518a368c45ff0e377a899a5bcbbd01ad,2026-08-05T17:49:37+00:00
expe,EXPE,0001324424,submissions,data/raw/sec/CIK0001324424/submissions.json.gz,https://data.sec.gov/submissions/CIK0001324424.json,de0a46d13a9fda9f1c03bef1b891f8884ad9974a99cffa1a9360eee4bcddd16a,2026-08-05T17:49:37+00:00
figs,FIGS,0001846576,companyfacts,data/raw/sec/CIK0001846576/companyfacts.json.gz,https://data.sec.gov/api/xbrl/companyfacts/CIK0001846576.json,bb49f35f9afa157fa956b94655ffd5aa1c2f3bea5416809239094a88bd2bfd0e,2026-08-05T17:49:37+00:00
figs,FIGS,0001846576,submissions,data/raw/sec/CIK0001846576/submissions.json.gz,https://data.sec.gov/submissions/CIK0001846576.json,183d5525e5afd247f8d45494455104c46b9de95ae07e7b4bbe1826fe1f5626be,2026-08-05T17:49:37+00:00
love,LOVE,0001701758,companyfacts,data/raw/sec/CIK0001701758/companyfacts.json.gz,https://data.sec.gov/api/xbrl/companyfacts/CIK0001701758.json,31e10507acbcc24e3e543dfb5837eb18bdddfca005da6937efe2df7331aa5e46,2026-08-05T17:49:37+00:00
love,LOVE,0001701758,submissions,data/raw/sec/CIK0001701758/submissions.json.gz,https://data.sec.gov/submissions/CIK0001701758.json,e9f1de7c241b39c9043be39bacbf4fefd6e5468d50a7b4c7f16bd076425f30c7,2026-08-05T17:49:37+00:00
pton,PTON,0001639825,companyfacts,data/raw/sec/CIK0001639825/companyfacts.json.gz,https://data.sec.gov/api/xbrl/companyfacts/CIK0001639825.json,49fcd916e73d37ae6ae33f4dfa428f3e1d2ae7b7b6ba4aed1133b5674223ab02,2026-08-05T17:49:37+00:00
pton,PTON,0001639825,submissions,data/raw/sec/CIK0001639825/submissions.json.gz,https://data.sec.gov/submissions/CIK0001639825.json,284841e71a3379fdbce95a8d205a0e78b70c5b1f0e214e4d9d299e91c88afcfd,2026-08-05T17:49:37+00:00
qvcga,QVCGA,0001355096,companyfacts,data/raw/sec/CIK0001355096/companyfacts.json.gz,https://data.sec.gov/api/xbrl/companyfacts/CIK0001355096.json,5d79b2e8f88b211c5a6387896c8bb790dd7753ecf0b2e9f60b2fa94dbeca1782,2026-08-05T17:49:37+00:00
qvcga,QVCGA,0001355096,submissions,data/raw/sec/CIK0001355096/submissions.json.gz,https://data.sec.gov/submissions/CIK0001355096.json,15be632644b94b06ead09dde790cf36e200f8a2505e00543e7c997c7f4f49c56,2026-08-05T17:49:37+00:00
rvlv,RVLV,0001746618,companyfacts,data/raw/sec/CIK0001746618/companyfacts.json.gz,https://data.sec.gov/api/xbrl/companyfacts/CIK0001746618.json,4715a5d596e7e6b0331e38c70b98284a7c507ec041aa789714f07f03f47f098d,2026-08-05T17:49:37+00:00
rvlv,RVLV,0001746618,submissions,data/raw/sec/CIK0001746618/submissions.json.gz,https://data.sec.gov/submissions/CIK0001746618.json,f346542d1c8b89a93d33b185948ed2b125cc2f6e6481b2a3ce3140edc351703f,2026-08-05T17:49:37+00:00
sfix,SFIX,0001576942,companyfacts,data/raw/sec/CIK0001576942/companyfacts.json.gz,https://data.sec.gov/api/xbrl/companyfacts/CIK0001576942.json,48bee24e717b6dd4a320764f0990e9bfcdbc0a7e5e6d15fd0e0c5af4886cfa97,2026-08-05T17:49:37+00:00
sfix,SFIX,0001576942,submissions,data/raw/sec/CIK0001576942/submissions.json.gz,https://data.sec.gov/submissions/CIK0001576942.json,e606ddaabc1e79bd3ff31a4b66cd9db37cbe51f50a6b69466d0b7f5510dc473d,2026-08-05T17:49:37+00:00
snbr,SNBR,0000827187,companyfacts,data/raw/sec/CIK0000827187/companyfacts.json.gz,https://data.sec.gov/api/xbrl/companyfacts/CIK0000827187.json,5cc575987044a56b18c7ad8882d0de5ef741af6a0544e32ae3622c4e7b685d06,2026-08-05T17:49:37+00:00
snbr,SNBR,0000827187,submissions,data/raw/sec/CIK0000827187/submissions.json.gz,https://data.sec.gov/submissions/CIK0000827187.json,45eed0cd31dec2a527afed7074153a07adfebf31dcc043ebc6478a0f740912e5,2026-08-05T17:49:37+00:00
vrm,VRM,0001580864,companyfacts,data/raw/sec/CIK0001580864/companyfacts.json.gz,https://data.sec.gov/api/xbrl/companyfacts/CIK0001580864.json,06523afd120bfc88d2a9c3aa58fc0c22f0c6bb1ed68669734fba3703a12ef5a5,2026-08-05T17:49:37+00:00
vrm,VRM,0001580864,submissions,data/raw/sec/CIK0001580864/submissions.json.gz,https://data.sec.gov/submissions/CIK0001580864.json,52d4d22e7e97ccbfac1f53c66952377a588acc21d4db9b811254758ef9b348b4,2026-08-05T17:49:37+00:00
w,W,0001616707,companyfacts,data/raw/sec/CIK0001616707/companyfacts.json.gz,https://data.sec.gov/api/xbrl/companyfacts/CIK0001616707.json,3c408c2fa555a8d0e81b828c1a9d64904cdea9739c07a9e31c41d8cb88c0c745,2026-08-05T17:49:37+00:00
w,W,0001616707,submissions,data/raw/sec/CIK0001616707/submissions.json.gz,https://data.sec.gov/submissions/CIK0001616707.json,4713b4bd4805c76c6fa17a3ecc935e41ad902d4d905f6c1eabab4da6a7735699,2026-08-05T17:49:37+00:00
