company_id,ticker,cik,fiscal_year,period_end,start_date,canonical_field,taxonomy,source_tag,source_priority,value_reported,value_standardized,unit,unit_scale,form,fy,fp,frame,accession,filing_date,is_amendment,duration_days,source_url,loaded_at
chwy,CHWY,0001766502,2021,2022-01-30,2021-02-01,capital_expenditure,us-gaap,PaymentsToAcquireProductiveAssets,2,183186000.0,183.186,USD,USD_millions,10-K,2023,FY,CY2021,0001766502-24-000014,2024-03-20,0,363.0,https://www.sec.gov/Archives/edgar/data/1766502/000176650224000014/,2026-08-05T12:11:50+00:00
chwy,CHWY,0001766502,2021,2022-01-30,,cash_and_equivalents,us-gaap,CashAndCashEquivalentsAtCarryingValue,1,603079000.0,603.079,USD,USD_millions,10-K,2021,FY,,0001766502-22-000008,2022-03-29,0,,https://www.sec.gov/Archives/edgar/data/1766502/000176650222000008/,2026-08-05T12:11:50+00:00
chwy,CHWY,0001766502,2021,2022-01-30,,cash_and_equivalents,us-gaap,CashAndCashEquivalentsAtCarryingValue,1,603079000.0,603.079,USD,USD_millions,10-K,2022,FY,CY2021Q4I,0001766502-23-000011,2023-03-22,0,,https://www.sec.gov/Archives/edgar/data/1766502/000176650223000011/,2026-08-05T12:11:50+00:00
chwy,CHWY,0001766502,2021,2022-01-30,,current_assets,us-gaap,AssetsCurrent,1,1323532000.0,1323.532,USD,USD_millions,10-K,2021,FY,,0001766502-22-000008,2022-03-29,0,,https://www.sec.gov/Archives/edgar/data/1766502/000176650222000008/,2026-08-05T12:11:50+00:00
chwy,CHWY,0001766502,2021,2022-01-30,,current_assets,us-gaap,AssetsCurrent,1,1323532000.0,1323.532,USD,USD_millions,10-K,2022,FY,CY2021Q4I,0001766502-23-000011,2023-03-22,0,,https://www.sec.gov/Archives/edgar/data/1766502/000176650223000011/,2026-08-05T12:11:50+00:00
chwy,CHWY,0001766502,2021,2022-01-30,,current_liabilities,us-gaap,LiabilitiesCurrent,1,1644879000.0,1644.879,USD,USD_millions,10-K,2021,FY,,0001766502-22-000008,2022-03-29,0,,https://www.sec.gov/Archives/edgar/data/1766502/000176650222000008/,2026-08-05T12:11:50+00:00
chwy,CHWY,0001766502,2021,2022-01-30,,current_liabilities,us-gaap,LiabilitiesCurrent,1,1644879000.0,1644.879,USD,USD_millions,10-K,2022,FY,CY2021Q4I,0001766502-23-000011,2023-03-22,0,,https://www.sec.gov/Archives/edgar/data/1766502/000176650223000011/,2026-08-05T12:11:50+00:00
chwy,CHWY,0001766502,2021,2022-01-30,,inventory,us-gaap,InventoryNet,1,560430000.0,560.43,USD,USD_millions,10-K,2021,FY,,0001766502-22-000008,2022-03-29,0,,https://www.sec.gov/Archives/edgar/data/1766502/000176650222000008/,2026-08-05T12:11:50+00:00
chwy,CHWY,0001766502,2021,2022-01-30,,inventory,us-gaap,InventoryNet,1,560430000.0,560.43,USD,USD_millions,10-K,2022,FY,CY2021Q4I,0001766502-23-000011,2023-03-22,0,,https://www.sec.gov/Archives/edgar/data/1766502/000176650223000011/,2026-08-05T12:11:50+00:00
chwy,CHWY,0001766502,2021,2022-01-30,2021-02-01,net_income,us-gaap,NetIncomeLoss,1,-73817000.0,-73.817,USD,USD_millions,10-K,2021,FY,,0001766502-22-000008,2022-03-29,0,363.0,https://www.sec.gov/Archives/edgar/data/1766502/000176650222000008/,2026-08-05T12:11:50+00:00
chwy,CHWY,0001766502,2021,2022-01-30,2021-02-01,net_income,us-gaap,NetIncomeLoss,1,-73817000.0,-73.817,USD,USD_millions,10-K,2022,FY,,0001766502-23-000011,2023-03-22,0,363.0,https://www.sec.gov/Archives/edgar/data/1766502/000176650223000011/,2026-08-05T12:11:50+00:00
chwy,CHWY,0001766502,2021,2022-01-30,2021-02-01,net_income,us-gaap,NetIncomeLoss,1,-75207000.0,-75.207,USD,USD_millions,10-K,2023,FY,,0001766502-24-000014,2024-03-20,0,363.0,https://www.sec.gov/Archives/edgar/data/1766502/000176650224000014/,2026-08-05T12:11:50+00:00
chwy,CHWY,0001766502,2021,2022-01-30,2021-02-01,operating_cash_flow,us-gaap,NetCashProvidedByUsedInOperatingActivities,1,191739000.0,191.739,USD,USD_millions,10-K,2021,FY,,0001766502-22-000008,2022-03-29,0,363.0,https://www.sec.gov/Archives/edgar/data/1766502/000176650222000008/,2026-08-05T12:11:50+00:00
chwy,CHWY,0001766502,2021,2022-01-30,2021-02-01,operating_cash_flow,us-gaap,NetCashProvidedByUsedInOperatingActivities,1,191739000.0,191.739,USD,USD_millions,10-K,2022,FY,,0001766502-23-000011,2023-03-22,0,363.0,https://www.sec.gov/Archives/edgar/data/1766502/000176650223000011/,2026-08-05T12:11:50+00:00
chwy,CHWY,0001766502,2021,2022-01-30,2021-02-01,operating_cash_flow,us-gaap,NetCashProvidedByUsedInOperatingActivities,1,191743000.0,191.743,USD,USD_millions,10-K,2023,FY,CY2021,0001766502-24-000014,2024-03-20,0,363.0,https://www.sec.gov/Archives/edgar/data/1766502/000176650224000014/,2026-08-05T12:11:50+00:00
chwy,CHWY,0001766502,2021,2022-01-30,2021-02-01,revenue,us-gaap,RevenueFromContractWithCustomerExcludingAssessedTax,1,8890773000.0,8890.773,USD,USD_millions,10-K,2021,FY,,0001766502-22-000008,2022-03-29,0,363.0,https://www.sec.gov/Archives/edgar/data/1766502/000176650222000008/,2026-08-05T12:11:50+00:00
chwy,CHWY,0001766502,2021,2022-01-30,2021-02-01,revenue,us-gaap,RevenueFromContractWithCustomerExcludingAssessedTax,1,8890773000.0,8890.773,USD,USD_millions,10-K,2022,FY,,0001766502-23-000011,2023-03-22,0,363.0,https://www.sec.gov/Archives/edgar/data/1766502/000176650223000011/,2026-08-05T12:11:50+00:00
chwy,CHWY,0001766502,2021,2022-01-30,2021-02-01,revenue,us-gaap,RevenueFromContractWithCustomerExcludingAssessedTax,1,8967407000.0,8967.407,USD,USD_millions,10-K,2023,FY,CY2021,0001766502-24-000014,2024-03-20,0,363.0,https://www.sec.gov/Archives/edgar/data/1766502/000176650224000014/,2026-08-05T12:11:50+00:00
chwy,CHWY,0001766502,2021,2022-01-30,,total_assets,us-gaap,Assets,1,2086281000.0,2086.281,USD,USD_millions,10-K,2021,FY,,0001766502-22-000008,2022-03-29,0,,https://www.sec.gov/Archives/edgar/data/1766502/000176650222000008/,2026-08-05T12:11:50+00:00
chwy,CHWY,0001766502,2021,2022-01-30,,total_assets,us-gaap,Assets,1,2086281000.0,2086.281,USD,USD_millions,10-K,2022,FY,CY2021Q4I,0001766502-23-000011,2023-03-22,0,,https://www.sec.gov/Archives/edgar/data/1766502/000176650223000011/,2026-08-05T12:11:50+00:00
chwy,CHWY,0001766502,2021,2022-01-30,,total_equity,us-gaap,StockholdersEquity,1,14736000.0,14.736,USD,USD_millions,10-K,2021,FY,,0001766502-22-000008,2022-03-29,0,,https://www.sec.gov/Archives/edgar/data/1766502/000176650222000008/,2026-08-05T12:11:50+00:00
chwy,CHWY,0001766502,2021,2022-01-30,,total_equity,us-gaap,StockholdersEquity,1,14736000.0,14.736,USD,USD_millions,10-K,2022,FY,,0001766502-23-000011,2023-03-22,0,,https://www.sec.gov/Archives/edgar/data/1766502/000176650223000011/,2026-08-05T12:11:50+00:00
chwy,CHWY,0001766502,2021,2022-01-30,,total_equity,us-gaap,StockholdersEquity,1,-39620000.0,-39.62,USD,USD_millions,10-K,2023,FY,,0001766502-24-000014,2024-03-20,0,,https://www.sec.gov/Archives/edgar/data/1766502/000176650224000014/,2026-08-05T12:11:50+00:00
chwy,CHWY,0001766502,2021,2022-01-30,,total_equity,us-gaap,StockholdersEquity,1,-39620000.0,-39.62,USD,USD_millions,10-K,2024,FY,CY2021Q4I,0001766502-25-000014,2025-03-26,0,,https://www.sec.gov/Archives/edgar/data/1766502/000176650225000014/,2026-08-05T12:11:50+00:00
chwy,CHWY,0001766502,2022,2023-01-29,2022-01-31,capital_expenditure,us-gaap,PaymentsToAcquireProductiveAssets,2,230310000.0,230.31,USD,USD_millions,10-K,2023,FY,,0001766502-24-000014,2024-03-20,0,363.0,https://www.sec.gov/Archives/edgar/data/1766502/000176650224000014/,2026-08-05T12:11:50+00:00
chwy,CHWY,0001766502,2022,2023-01-29,2022-01-31,capital_expenditure,us-gaap,PaymentsToAcquireProductiveAssets,2,230310000.0,230.31,USD,USD_millions,10-K,2024,FY,CY2022,0001766502-25-000014,2025-03-26,0,363.0,https://www.sec.gov/Archives/edgar/data/1766502/000176650225000014/,2026-08-05T12:11:50+00:00
chwy,CHWY,0001766502,2022,2023-01-29,,cash_and_equivalents,us-gaap,CashAndCashEquivalentsAtCarryingValue,1,330441000.0,330.441,USD,USD_millions,10-K,2022,FY,,0001766502-23-000011,2023-03-22,0,,https://www.sec.gov/Archives/edgar/data/1766502/000176650223000011/,2026-08-05T12:11:50+00:00
chwy,CHWY,0001766502,2022,2023-01-29,,cash_and_equivalents,us-gaap,CashAndCashEquivalentsAtCarryingValue,1,331641000.0,331.641,USD,USD_millions,10-K,2023,FY,CY2022Q4I,0001766502-24-000014,2024-03-20,0,,https://www.sec.gov/Archives/edgar/data/1766502/000176650224000014/,2026-08-05T12:11:50+00:00
chwy,CHWY,0001766502,2022,2023-01-29,,current_assets,us-gaap,AssetsCurrent,1,1520321000.0,1520.321,USD,USD_millions,10-K,2022,FY,,0001766502-23-000011,2023-03-22,0,,https://www.sec.gov/Archives/edgar/data/1766502/000176650223000011/,2026-08-05T12:11:50+00:00
chwy,CHWY,0001766502,2022,2023-01-29,,current_assets,us-gaap,AssetsCurrent,1,1524780000.0,1524.78,USD,USD_millions,10-K,2023,FY,CY2022Q4I,0001766502-24-000014,2024-03-20,0,,https://www.sec.gov/Archives/edgar/data/1766502/000176650224000014/,2026-08-05T12:11:50+00:00
chwy,CHWY,0001766502,2022,2023-01-29,,current_liabilities,us-gaap,LiabilitiesCurrent,1,1769349000.0,1769.349,USD,USD_millions,10-K,2022,FY,,0001766502-23-000011,2023-03-22,0,,https://www.sec.gov/Archives/edgar/data/1766502/000176650223000011/,2026-08-05T12:11:50+00:00
chwy,CHWY,0001766502,2022,2023-01-29,,current_liabilities,us-gaap,LiabilitiesCurrent,1,1827718000.0,1827.718,USD,USD_millions,10-K,2023,FY,CY2022Q4I,0001766502-24-000014,2024-03-20,0,,https://www.sec.gov/Archives/edgar/data/1766502/000176650224000014/,2026-08-05T12:11:50+00:00
chwy,CHWY,0001766502,2022,2023-01-29,,inventory,us-gaap,InventoryNet,1,675520000.0,675.52,USD,USD_millions,10-K,2022,FY,,0001766502-23-000011,2023-03-22,0,,https://www.sec.gov/Archives/edgar/data/1766502/000176650223000011/,2026-08-05T12:11:50+00:00
chwy,CHWY,0001766502,2022,2023-01-29,,inventory,us-gaap,InventoryNet,1,678005000.0,678.005,USD,USD_millions,10-K,2023,FY,CY2022Q4I,0001766502-24-000014,2024-03-20,0,,https://www.sec.gov/Archives/edgar/data/1766502/000176650224000014/,2026-08-05T12:11:50+00:00
chwy,CHWY,0001766502,2022,2023-01-29,2022-01-31,net_income,us-gaap,NetIncomeLoss,1,49232000.0,49.232,USD,USD_millions,10-K,2022,FY,,0001766502-23-000011,2023-03-22,0,363.0,https://www.sec.gov/Archives/edgar/data/1766502/000176650223000011/,2026-08-05T12:11:50+00:00
chwy,CHWY,0001766502,2022,2023-01-29,2022-01-31,net_income,us-gaap,NetIncomeLoss,1,49899000.0,49.899,USD,USD_millions,10-K,2023,FY,,0001766502-24-000014,2024-03-20,0,363.0,https://www.sec.gov/Archives/edgar/data/1766502/000176650224000014/,2026-08-05T12:11:50+00:00
chwy,CHWY,0001766502,2022,2023-01-29,2022-01-31,net_income,us-gaap,NetIncomeLoss,1,49899000.0,49.899,USD,USD_millions,10-K,2024,FY,,0001766502-25-000014,2025-03-26,0,363.0,https://www.sec.gov/Archives/edgar/data/1766502/000176650225000014/,2026-08-05T12:11:50+00:00
chwy,CHWY,0001766502,2022,2023-01-29,2022-01-31,operating_cash_flow,us-gaap,NetCashProvidedByUsedInOperatingActivities,1,349572000.0,349.572,USD,USD_millions,10-K,2022,FY,,0001766502-23-000011,2023-03-22,0,363.0,https://www.sec.gov/Archives/edgar/data/1766502/000176650223000011/,2026-08-05T12:11:50+00:00
chwy,CHWY,0001766502,2022,2023-01-29,2022-01-31,operating_cash_flow,us-gaap,NetCashProvidedByUsedInOperatingActivities,1,349777000.0,349.777,USD,USD_millions,10-K,2023,FY,,0001766502-24-000014,2024-03-20,0,363.0,https://www.sec.gov/Archives/edgar/data/1766502/000176650224000014/,2026-08-05T12:11:50+00:00
chwy,CHWY,0001766502,2022,2023-01-29,2022-01-31,operating_cash_flow,us-gaap,NetCashProvidedByUsedInOperatingActivities,1,349777000.0,349.777,USD,USD_millions,10-K,2024,FY,CY2022,0001766502-25-000014,2025-03-26,0,363.0,https://www.sec.gov/Archives/edgar/data/1766502/000176650225000014/,2026-08-05T12:11:50+00:00
chwy,CHWY,0001766502,2022,2023-01-29,2022-01-31,revenue,us-gaap,RevenueFromContractWithCustomerExcludingAssessedTax,1,10098939000.0,10098.939,USD,USD_millions,10-K,2022,FY,,0001766502-23-000011,2023-03-22,0,363.0,https://www.sec.gov/Archives/edgar/data/1766502/000176650223000011/,2026-08-05T12:11:50+00:00
chwy,CHWY,0001766502,2022,2023-01-29,2022-01-31,revenue,us-gaap,RevenueFromContractWithCustomerExcludingAssessedTax,1,10119000000.0,10119.0,USD,USD_millions,10-K,2023,FY,,0001766502-24-000014,2024-03-20,0,363.0,https://www.sec.gov/Archives/edgar/data/1766502/000176650224000014/,2026-08-05T12:11:50+00:00
chwy,CHWY,0001766502,2022,2023-01-29,2022-01-31,revenue,us-gaap,RevenueFromContractWithCustomerExcludingAssessedTax,1,10119000000.0,10119.0,USD,USD_millions,10-K,2024,FY,CY2022,0001766502-25-000014,2025-03-26,0,363.0,https://www.sec.gov/Archives/edgar/data/1766502/000176650225000014/,2026-08-05T12:11:50+00:00
chwy,CHWY,0001766502,2022,2023-01-29,,total_assets,us-gaap,Assets,1,2515076000.0,2515.076,USD,USD_millions,10-K,2022,FY,,0001766502-23-000011,2023-03-22,0,,https://www.sec.gov/Archives/edgar/data/1766502/000176650223000011/,2026-08-05T12:11:50+00:00
chwy,CHWY,0001766502,2022,2023-01-29,,total_assets,us-gaap,Assets,1,2519818000.0,2519.818,USD,USD_millions,10-K,2023,FY,CY2022Q4I,0001766502-24-000014,2024-03-20,0,,https://www.sec.gov/Archives/edgar/data/1766502/000176650224000014/,2026-08-05T12:11:50+00:00
chwy,CHWY,0001766502,2022,2023-01-29,,total_equity,us-gaap,StockholdersEquity,1,213957000.0,213.957,USD,USD_millions,10-K,2022,FY,,0001766502-23-000011,2023-03-22,0,,https://www.sec.gov/Archives/edgar/data/1766502/000176650223000011/,2026-08-05T12:11:50+00:00
chwy,CHWY,0001766502,2022,2023-01-29,,total_equity,us-gaap,StockholdersEquity,1,160268000.0,160.268,USD,USD_millions,10-K,2023,FY,,0001766502-24-000014,2024-03-20,0,,https://www.sec.gov/Archives/edgar/data/1766502/000176650224000014/,2026-08-05T12:11:50+00:00
chwy,CHWY,0001766502,2022,2023-01-29,,total_equity,us-gaap,StockholdersEquity,1,160268000.0,160.268,USD,USD_millions,10-K,2024,FY,,0001766502-25-000014,2025-03-26,0,,https://www.sec.gov/Archives/edgar/data/1766502/000176650225000014/,2026-08-05T12:11:50+00:00
chwy,CHWY,0001766502,2022,2023-01-29,,total_equity,us-gaap,StockholdersEquity,1,160300000.0,160.3,USD,USD_millions,10-K,2025,FY,CY2022Q4I,0001766502-26-000034,2026-03-25,0,,https://www.sec.gov/Archives/edgar/data/1766502/000176650226000034/,2026-08-05T12:11:50+00:00
chwy,CHWY,0001766502,2023,2024-01-28,2023-01-30,capital_expenditure,us-gaap,PaymentsToAcquireProductiveAssets,2,143282000.0,143.282,USD,USD_millions,10-K,2023,FY,,0001766502-24-000014,2024-03-20,0,363.0,https://www.sec.gov/Archives/edgar/data/1766502/000176650224000014/,2026-08-05T12:11:50+00:00
chwy,CHWY,0001766502,2023,2024-01-28,2023-01-30,capital_expenditure,us-gaap,PaymentsToAcquireProductiveAssets,2,143282000.0,143.282,USD,USD_millions,10-K,2024,FY,,0001766502-25-000014,2025-03-26,0,363.0,https://www.sec.gov/Archives/edgar/data/1766502/000176650225000014/,2026-08-05T12:11:50+00:00
chwy,CHWY,0001766502,2023,2024-01-28,2023-01-30,capital_expenditure,us-gaap,PaymentsToAcquireProductiveAssets,2,143300000.0,143.3,USD,USD_millions,10-K,2025,FY,CY2023,0001766502-26-000034,2026-03-25,0,363.0,https://www.sec.gov/Archives/edgar/data/1766502/000176650226000034/,2026-08-05T12:11:50+00:00
chwy,CHWY,0001766502,2023,2024-01-28,,cash_and_equivalents,us-gaap,CashAndCashEquivalentsAtCarryingValue,1,602232000.0,602.232,USD,USD_millions,10-K,2023,FY,,0001766502-24-000014,2024-03-20,0,,https://www.sec.gov/Archives/edgar/data/1766502/000176650224000014/,2026-08-05T12:11:50+00:00
chwy,CHWY,0001766502,2023,2024-01-28,,cash_and_equivalents,us-gaap,CashAndCashEquivalentsAtCarryingValue,1,602232000.0,602.232,USD,USD_millions,10-K,2024,FY,CY2023Q4I,0001766502-25-000014,2025-03-26,0,,https://www.sec.gov/Archives/edgar/data/1766502/000176650225000014/,2026-08-05T12:11:50+00:00
chwy,CHWY,0001766502,2023,2024-01-28,,current_assets,us-gaap,AssetsCurrent,1,2104348000.0,2104.348,USD,USD_millions,10-K,2023,FY,,0001766502-24-000014,2024-03-20,0,,https://www.sec.gov/Archives/edgar/data/1766502/000176650224000014/,2026-08-05T12:11:50+00:00
chwy,CHWY,0001766502,2023,2024-01-28,,current_assets,us-gaap,AssetsCurrent,1,2104348000.0,2104.348,USD,USD_millions,10-K,2024,FY,CY2023Q4I,0001766502-25-000014,2025-03-26,0,,https://www.sec.gov/Archives/edgar/data/1766502/000176650225000014/,2026-08-05T12:11:50+00:00
chwy,CHWY,0001766502,2023,2024-01-28,,current_liabilities,us-gaap,LiabilitiesCurrent,1,2110877000.0,2110.877,USD,USD_millions,10-K,2023,FY,,0001766502-24-000014,2024-03-20,0,,https://www.sec.gov/Archives/edgar/data/1766502/000176650224000014/,2026-08-05T12:11:50+00:00
chwy,CHWY,0001766502,2023,2024-01-28,,current_liabilities,us-gaap,LiabilitiesCurrent,1,2110877000.0,2110.877,USD,USD_millions,10-K,2024,FY,CY2023Q4I,0001766502-25-000014,2025-03-26,0,,https://www.sec.gov/Archives/edgar/data/1766502/000176650225000014/,2026-08-05T12:11:50+00:00
chwy,CHWY,0001766502,2023,2024-01-28,,inventory,us-gaap,InventoryNet,1,719273000.0,719.273,USD,USD_millions,10-K,2023,FY,,0001766502-24-000014,2024-03-20,0,,https://www.sec.gov/Archives/edgar/data/1766502/000176650224000014/,2026-08-05T12:11:50+00:00
chwy,CHWY,0001766502,2023,2024-01-28,,inventory,us-gaap,InventoryNet,1,719273000.0,719.273,USD,USD_millions,10-K,2024,FY,CY2023Q4I,0001766502-25-000014,2025-03-26,0,,https://www.sec.gov/Archives/edgar/data/1766502/000176650225000014/,2026-08-05T12:11:50+00:00
chwy,CHWY,0001766502,2023,2024-01-28,2023-01-30,net_income,us-gaap,NetIncomeLoss,1,39580000.0,39.58,USD,USD_millions,10-K,2023,FY,,0001766502-24-000014,2024-03-20,0,363.0,https://www.sec.gov/Archives/edgar/data/1766502/000176650224000014/,2026-08-05T12:11:50+00:00
chwy,CHWY,0001766502,2023,2024-01-28,2023-01-30,net_income,us-gaap,NetIncomeLoss,1,39580000.0,39.58,USD,USD_millions,10-K,2024,FY,,0001766502-25-000014,2025-03-26,0,363.0,https://www.sec.gov/Archives/edgar/data/1766502/000176650225000014/,2026-08-05T12:11:50+00:00
chwy,CHWY,0001766502,2023,2024-01-28,2023-01-30,net_income,us-gaap,NetIncomeLoss,1,39600000.0,39.6,USD,USD_millions,10-K,2025,FY,,0001766502-26-000034,2026-03-25,0,363.0,https://www.sec.gov/Archives/edgar/data/1766502/000176650226000034/,2026-08-05T12:11:50+00:00
chwy,CHWY,0001766502,2023,2024-01-28,2023-01-30,operating_cash_flow,us-gaap,NetCashProvidedByUsedInOperatingActivities,1,486211000.0,486.211,USD,USD_millions,10-K,2023,FY,,0001766502-24-000014,2024-03-20,0,363.0,https://www.sec.gov/Archives/edgar/data/1766502/000176650224000014/,2026-08-05T12:11:50+00:00
chwy,CHWY,0001766502,2023,2024-01-28,2023-01-30,operating_cash_flow,us-gaap,NetCashProvidedByUsedInOperatingActivities,1,486211000.0,486.211,USD,USD_millions,10-K,2024,FY,,0001766502-25-000014,2025-03-26,0,363.0,https://www.sec.gov/Archives/edgar/data/1766502/000176650225000014/,2026-08-05T12:11:50+00:00
chwy,CHWY,0001766502,2023,2024-01-28,2023-01-30,operating_cash_flow,us-gaap,NetCashProvidedByUsedInOperatingActivities,1,486200000.0,486.2,USD,USD_millions,10-K,2025,FY,CY2023,0001766502-26-000034,2026-03-25,0,363.0,https://www.sec.gov/Archives/edgar/data/1766502/000176650226000034/,2026-08-05T12:11:50+00:00
chwy,CHWY,0001766502,2023,2024-01-28,2023-01-30,revenue,us-gaap,RevenueFromContractWithCustomerExcludingAssessedTax,1,11147720000.0,11147.72,USD,USD_millions,10-K,2023,FY,,0001766502-24-000014,2024-03-20,0,363.0,https://www.sec.gov/Archives/edgar/data/1766502/000176650224000014/,2026-08-05T12:11:50+00:00
chwy,CHWY,0001766502,2023,2024-01-28,2023-01-30,revenue,us-gaap,RevenueFromContractWithCustomerExcludingAssessedTax,1,11147720000.0,11147.72,USD,USD_millions,10-K,2024,FY,,0001766502-25-000014,2025-03-26,0,363.0,https://www.sec.gov/Archives/edgar/data/1766502/000176650225000014/,2026-08-05T12:11:50+00:00
chwy,CHWY,0001766502,2023,2024-01-28,2023-01-30,revenue,us-gaap,RevenueFromContractWithCustomerExcludingAssessedTax,1,11147700000.0,11147.7,USD,USD_millions,10-K,2025,FY,CY2023,0001766502-26-000034,2026-03-25,0,363.0,https://www.sec.gov/Archives/edgar/data/1766502/000176650226000034/,2026-08-05T12:11:50+00:00
chwy,CHWY,0001766502,2023,2024-01-28,,total_assets,us-gaap,Assets,1,3186851000.0,3186.851,USD,USD_millions,10-K,2023,FY,,0001766502-24-000014,2024-03-20,0,,https://www.sec.gov/Archives/edgar/data/1766502/000176650224000014/,2026-08-05T12:11:50+00:00
chwy,CHWY,0001766502,2023,2024-01-28,,total_assets,us-gaap,Assets,1,3186851000.0,3186.851,USD,USD_millions,10-K,2024,FY,CY2023Q4I,0001766502-25-000014,2025-03-26,0,,https://www.sec.gov/Archives/edgar/data/1766502/000176650225000014/,2026-08-05T12:11:50+00:00
chwy,CHWY,0001766502,2023,2024-01-28,,total_equity,us-gaap,StockholdersEquity,1,510244000.0,510.244,USD,USD_millions,10-K,2023,FY,,0001766502-24-000014,2024-03-20,0,,https://www.sec.gov/Archives/edgar/data/1766502/000176650224000014/,2026-08-05T12:11:50+00:00
chwy,CHWY,0001766502,2023,2024-01-28,,total_equity,us-gaap,StockholdersEquity,1,510244000.0,510.244,USD,USD_millions,10-K,2024,FY,,0001766502-25-000014,2025-03-26,0,,https://www.sec.gov/Archives/edgar/data/1766502/000176650225000014/,2026-08-05T12:11:50+00:00
chwy,CHWY,0001766502,2023,2024-01-28,,total_equity,us-gaap,StockholdersEquity,1,510300000.0,510.3,USD,USD_millions,10-K,2025,FY,CY2023Q4I,0001766502-26-000034,2026-03-25,0,,https://www.sec.gov/Archives/edgar/data/1766502/000176650226000034/,2026-08-05T12:11:50+00:00
ebay,EBAY,0001065088,2021,2021-12-31,2021-01-01,capital_expenditure,us-gaap,PaymentsToAcquirePropertyPlantAndEquipment,1,444000000.0,444.0,USD,USD_millions,10-K,2021,FY,,0001065088-22-000006,2022-02-24,0,364.0,https://www.sec.gov/Archives/edgar/data/1065088/000106508822000006/,2026-08-05T12:11:50+00:00
ebay,EBAY,0001065088,2021,2021-12-31,2021-01-01,capital_expenditure,us-gaap,PaymentsToAcquirePropertyPlantAndEquipment,1,444000000.0,444.0,USD,USD_millions,10-K,2022,FY,,0001065088-23-000006,2023-02-23,0,364.0,https://www.sec.gov/Archives/edgar/data/1065088/000106508823000006/,2026-08-05T12:11:50+00:00
ebay,EBAY,0001065088,2021,2021-12-31,2021-01-01,capital_expenditure,us-gaap,PaymentsToAcquirePropertyPlantAndEquipment,1,444000000.0,444.0,USD,USD_millions,10-K,2023,FY,CY2021,0001065088-24-000036,2024-02-28,0,364.0,https://www.sec.gov/Archives/edgar/data/1065088/000106508824000036/,2026-08-05T12:11:50+00:00
ebay,EBAY,0001065088,2021,2021-12-31,,cash_and_equivalents,us-gaap,CashAndCashEquivalentsAtCarryingValue,1,1379000000.0,1379.0,USD,USD_millions,10-K,2021,FY,,0001065088-22-000006,2022-02-24,0,,https://www.sec.gov/Archives/edgar/data/1065088/000106508822000006/,2026-08-05T12:11:50+00:00
ebay,EBAY,0001065088,2021,2021-12-31,,cash_and_equivalents,us-gaap,CashAndCashEquivalentsAtCarryingValue,1,1379000000.0,1379.0,USD,USD_millions,10-K,2022,FY,,0001065088-23-000006,2023-02-23,0,,https://www.sec.gov/Archives/edgar/data/1065088/000106508823000006/,2026-08-05T12:11:50+00:00
ebay,EBAY,0001065088,2021,2021-12-31,,cash_and_equivalents,us-gaap,CashAndCashEquivalentsAtCarryingValue,1,1379000000.0,1379.0,USD,USD_millions,10-K,2023,FY,CY2021Q4I,0001065088-24-000036,2024-02-28,0,,https://www.sec.gov/Archives/edgar/data/1065088/000106508824000036/,2026-08-05T12:11:50+00:00
ebay,EBAY,0001065088,2021,2021-12-31,,current_assets,us-gaap,AssetsCurrent,1,9111000000.0,9111.0,USD,USD_millions,10-K,2021,FY,,0001065088-22-000006,2022-02-24,0,,https://www.sec.gov/Archives/edgar/data/1065088/000106508822000006/,2026-08-05T12:11:50+00:00
ebay,EBAY,0001065088,2021,2021-12-31,,current_assets,us-gaap,AssetsCurrent,1,9111000000.0,9111.0,USD,USD_millions,10-K,2022,FY,CY2021Q4I,0001065088-23-000006,2023-02-23,0,,https://www.sec.gov/Archives/edgar/data/1065088/000106508823000006/,2026-08-05T12:11:50+00:00
ebay,EBAY,0001065088,2021,2021-12-31,,current_liabilities,us-gaap,LiabilitiesCurrent,1,4622000000.0,4622.0,USD,USD_millions,10-K,2021,FY,,0001065088-22-000006,2022-02-24,0,,https://www.sec.gov/Archives/edgar/data/1065088/000106508822000006/,2026-08-05T12:11:50+00:00
ebay,EBAY,0001065088,2021,2021-12-31,,current_liabilities,us-gaap,LiabilitiesCurrent,1,4622000000.0,4622.0,USD,USD_millions,10-K,2022,FY,CY2021Q4I,0001065088-23-000006,2023-02-23,0,,https://www.sec.gov/Archives/edgar/data/1065088/000106508823000006/,2026-08-05T12:11:50+00:00
ebay,EBAY,0001065088,2021,2021-12-31,2021-01-01,net_income,us-gaap,NetIncomeLoss,1,13608000000.0,13608.0,USD,USD_millions,10-K,2021,FY,,0001065088-22-000006,2022-02-24,0,364.0,https://www.sec.gov/Archives/edgar/data/1065088/000106508822000006/,2026-08-05T12:11:50+00:00
ebay,EBAY,0001065088,2021,2021-12-31,2021-01-01,net_income,us-gaap,NetIncomeLoss,1,13608000000.0,13608.0,USD,USD_millions,10-K,2022,FY,,0001065088-23-000006,2023-02-23,0,364.0,https://www.sec.gov/Archives/edgar/data/1065088/000106508823000006/,2026-08-05T12:11:50+00:00
ebay,EBAY,0001065088,2021,2021-12-31,2021-01-01,net_income,us-gaap,NetIncomeLoss,1,13608000000.0,13608.0,USD,USD_millions,10-K,2023,FY,,0001065088-24-000036,2024-02-28,0,364.0,https://www.sec.gov/Archives/edgar/data/1065088/000106508824000036/,2026-08-05T12:11:50+00:00
ebay,EBAY,0001065088,2021,2021-12-31,2021-01-01,operating_cash_flow,us-gaap,NetCashProvidedByUsedInOperatingActivities,1,2657000000.0,2657.0,USD,USD_millions,10-K,2021,FY,,0001065088-22-000006,2022-02-24,0,364.0,https://www.sec.gov/Archives/edgar/data/1065088/000106508822000006/,2026-08-05T12:11:50+00:00
ebay,EBAY,0001065088,2021,2021-12-31,2021-01-01,operating_cash_flow,us-gaap,NetCashProvidedByUsedInOperatingActivities,1,2657000000.0,2657.0,USD,USD_millions,10-K,2022,FY,,0001065088-23-000006,2023-02-23,0,364.0,https://www.sec.gov/Archives/edgar/data/1065088/000106508823000006/,2026-08-05T12:11:50+00:00
ebay,EBAY,0001065088,2021,2021-12-31,2021-01-01,operating_cash_flow,us-gaap,NetCashProvidedByUsedInOperatingActivities,1,2657000000.0,2657.0,USD,USD_millions,10-K,2023,FY,CY2021,0001065088-24-000036,2024-02-28,0,364.0,https://www.sec.gov/Archives/edgar/data/1065088/000106508824000036/,2026-08-05T12:11:50+00:00
ebay,EBAY,0001065088,2021,2021-12-31,2021-01-01,revenue,us-gaap,RevenueFromContractWithCustomerExcludingAssessedTax,1,10420000000.0,10420.0,USD,USD_millions,10-K,2021,FY,,0001065088-22-000006,2022-02-24,0,364.0,https://www.sec.gov/Archives/edgar/data/1065088/000106508822000006/,2026-08-05T12:11:50+00:00
ebay,EBAY,0001065088,2021,2021-12-31,2021-01-01,revenue,us-gaap,RevenueFromContractWithCustomerExcludingAssessedTax,1,10420000000.0,10420.0,USD,USD_millions,10-K,2022,FY,,0001065088-23-000006,2023-02-23,0,364.0,https://www.sec.gov/Archives/edgar/data/1065088/000106508823000006/,2026-08-05T12:11:50+00:00
ebay,EBAY,0001065088,2021,2021-12-31,2021-01-01,revenue,us-gaap,RevenueFromContractWithCustomerExcludingAssessedTax,1,10420000000.0,10420.0,USD,USD_millions,10-K,2023,FY,CY2021,0001065088-24-000036,2024-02-28,0,364.0,https://www.sec.gov/Archives/edgar/data/1065088/000106508824000036/,2026-08-05T12:11:50+00:00
ebay,EBAY,0001065088,2021,2021-12-31,,total_assets,us-gaap,Assets,1,26626000000.0,26626.0,USD,USD_millions,10-K,2021,FY,,0001065088-22-000006,2022-02-24,0,,https://www.sec.gov/Archives/edgar/data/1065088/000106508822000006/,2026-08-05T12:11:50+00:00
ebay,EBAY,0001065088,2021,2021-12-31,,total_assets,us-gaap,Assets,1,26626000000.0,26626.0,USD,USD_millions,10-K,2022,FY,CY2021Q4I,0001065088-23-000006,2023-02-23,0,,https://www.sec.gov/Archives/edgar/data/1065088/000106508823000006/,2026-08-05T12:11:50+00:00
ebay,EBAY,0001065088,2021,2021-12-31,,total_debt,us-gaap,DebtLongtermAndShorttermCombinedAmount,1,9082000000.0,9082.0,USD,USD_millions,10-K,2021,FY,,0001065088-22-000006,2022-02-24,0,,https://www.sec.gov/Archives/edgar/data/1065088/000106508822000006/,2026-08-05T12:11:50+00:00
ebay,EBAY,0001065088,2021,2021-12-31,,total_debt,us-gaap,DebtLongtermAndShorttermCombinedAmount,1,9082000000.0,9082.0,USD,USD_millions,10-K,2022,FY,CY2021Q4I,0001065088-23-000006,2023-02-23,0,,https://www.sec.gov/Archives/edgar/data/1065088/000106508823000006/,2026-08-05T12:11:50+00:00
ebay,EBAY,0001065088,2021,2021-12-31,,total_equity,us-gaap,StockholdersEquity,1,9778000000.0,9778.0,USD,USD_millions,10-K,2021,FY,,0001065088-22-000006,2022-02-24,0,,https://www.sec.gov/Archives/edgar/data/1065088/000106508822000006/,2026-08-05T12:11:50+00:00
ebay,EBAY,0001065088,2021,2021-12-31,,total_equity,us-gaap,StockholdersEquity,1,9778000000.0,9778.0,USD,USD_millions,10-K,2022,FY,,0001065088-23-000006,2023-02-23,0,,https://www.sec.gov/Archives/edgar/data/1065088/000106508823000006/,2026-08-05T12:11:50+00:00
ebay,EBAY,0001065088,2021,2021-12-31,,total_equity,us-gaap,StockholdersEquity,1,9778000000.0,9778.0,USD,USD_millions,10-K,2023,FY,CY2021Q4I,0001065088-24-000036,2024-02-28,0,,https://www.sec.gov/Archives/edgar/data/1065088/000106508824000036/,2026-08-05T12:11:50+00:00
ebay,EBAY,0001065088,2022,2022-12-31,2022-01-01,capital_expenditure,us-gaap,PaymentsToAcquirePropertyPlantAndEquipment,1,449000000.0,449.0,USD,USD_millions,10-K,2022,FY,,0001065088-23-000006,2023-02-23,0,364.0,https://www.sec.gov/Archives/edgar/data/1065088/000106508823000006/,2026-08-05T12:11:50+00:00
ebay,EBAY,0001065088,2022,2022-12-31,2022-01-01,capital_expenditure,us-gaap,PaymentsToAcquirePropertyPlantAndEquipment,1,449000000.0,449.0,USD,USD_millions,10-K,2023,FY,,0001065088-24-000036,2024-02-28,0,364.0,https://www.sec.gov/Archives/edgar/data/1065088/000106508824000036/,2026-08-05T12:11:50+00:00
ebay,EBAY,0001065088,2022,2022-12-31,2022-01-01,capital_expenditure,us-gaap,PaymentsToAcquirePropertyPlantAndEquipment,1,449000000.0,449.0,USD,USD_millions,10-K,2024,FY,CY2022,0001065088-25-000037,2025-02-27,0,364.0,https://www.sec.gov/Archives/edgar/data/1065088/000106508825000037/,2026-08-05T12:11:50+00:00
ebay,EBAY,0001065088,2022,2022-12-31,,cash_and_equivalents,us-gaap,CashAndCashEquivalentsAtCarryingValue,1,2154000000.0,2154.0,USD,USD_millions,10-K,2022,FY,,0001065088-23-000006,2023-02-23,0,,https://www.sec.gov/Archives/edgar/data/1065088/000106508823000006/,2026-08-05T12:11:50+00:00
ebay,EBAY,0001065088,2022,2022-12-31,,cash_and_equivalents,us-gaap,CashAndCashEquivalentsAtCarryingValue,1,2154000000.0,2154.0,USD,USD_millions,10-K,2023,FY,,0001065088-24-000036,2024-02-28,0,,https://www.sec.gov/Archives/edgar/data/1065088/000106508824000036/,2026-08-05T12:11:50+00:00
ebay,EBAY,0001065088,2022,2022-12-31,,cash_and_equivalents,us-gaap,CashAndCashEquivalentsAtCarryingValue,1,2154000000.0,2154.0,USD,USD_millions,10-K,2024,FY,CY2022Q4I,0001065088-25-000037,2025-02-27,0,,https://www.sec.gov/Archives/edgar/data/1065088/000106508825000037/,2026-08-05T12:11:50+00:00
ebay,EBAY,0001065088,2022,2022-12-31,,current_assets,us-gaap,AssetsCurrent,1,9290000000.0,9290.0,USD,USD_millions,10-K,2022,FY,,0001065088-23-000006,2023-02-23,0,,https://www.sec.gov/Archives/edgar/data/1065088/000106508823000006/,2026-08-05T12:11:50+00:00
ebay,EBAY,0001065088,2022,2022-12-31,,current_assets,us-gaap,AssetsCurrent,1,9290000000.0,9290.0,USD,USD_millions,10-K,2023,FY,CY2022Q4I,0001065088-24-000036,2024-02-28,0,,https://www.sec.gov/Archives/edgar/data/1065088/000106508824000036/,2026-08-05T12:11:50+00:00
ebay,EBAY,0001065088,2022,2022-12-31,,current_liabilities,us-gaap,LiabilitiesCurrent,1,4271000000.0,4271.0,USD,USD_millions,10-K,2022,FY,,0001065088-23-000006,2023-02-23,0,,https://www.sec.gov/Archives/edgar/data/1065088/000106508823000006/,2026-08-05T12:11:50+00:00
ebay,EBAY,0001065088,2022,2022-12-31,,current_liabilities,us-gaap,LiabilitiesCurrent,1,4271000000.0,4271.0,USD,USD_millions,10-K,2023,FY,CY2022Q4I,0001065088-24-000036,2024-02-28,0,,https://www.sec.gov/Archives/edgar/data/1065088/000106508824000036/,2026-08-05T12:11:50+00:00
ebay,EBAY,0001065088,2022,2022-12-31,2022-01-01,net_income,us-gaap,NetIncomeLoss,1,-1269000000.0,-1269.0,USD,USD_millions,10-K,2022,FY,,0001065088-23-000006,2023-02-23,0,364.0,https://www.sec.gov/Archives/edgar/data/1065088/000106508823000006/,2026-08-05T12:11:50+00:00
ebay,EBAY,0001065088,2022,2022-12-31,2022-01-01,net_income,us-gaap,NetIncomeLoss,1,-1269000000.0,-1269.0,USD,USD_millions,10-K,2023,FY,,0001065088-24-000036,2024-02-28,0,364.0,https://www.sec.gov/Archives/edgar/data/1065088/000106508824000036/,2026-08-05T12:11:50+00:00
ebay,EBAY,0001065088,2022,2022-12-31,2022-01-01,net_income,us-gaap,NetIncomeLoss,1,-1269000000.0,-1269.0,USD,USD_millions,10-K,2024,FY,,0001065088-25-000037,2025-02-27,0,364.0,https://www.sec.gov/Archives/edgar/data/1065088/000106508825000037/,2026-08-05T12:11:50+00:00
ebay,EBAY,0001065088,2022,2022-12-31,2022-01-01,operating_cash_flow,us-gaap,NetCashProvidedByUsedInOperatingActivities,1,2254000000.0,2254.0,USD,USD_millions,10-K,2022,FY,,0001065088-23-000006,2023-02-23,0,364.0,https://www.sec.gov/Archives/edgar/data/1065088/000106508823000006/,2026-08-05T12:11:50+00:00
ebay,EBAY,0001065088,2022,2022-12-31,2022-01-01,operating_cash_flow,us-gaap,NetCashProvidedByUsedInOperatingActivities,1,2254000000.0,2254.0,USD,USD_millions,10-K,2023,FY,,0001065088-24-000036,2024-02-28,0,364.0,https://www.sec.gov/Archives/edgar/data/1065088/000106508824000036/,2026-08-05T12:11:50+00:00
ebay,EBAY,0001065088,2022,2022-12-31,2022-01-01,operating_cash_flow,us-gaap,NetCashProvidedByUsedInOperatingActivities,1,2254000000.0,2254.0,USD,USD_millions,10-K,2024,FY,CY2022,0001065088-25-000037,2025-02-27,0,364.0,https://www.sec.gov/Archives/edgar/data/1065088/000106508825000037/,2026-08-05T12:11:50+00:00
ebay,EBAY,0001065088,2022,2022-12-31,2022-01-01,revenue,us-gaap,RevenueFromContractWithCustomerExcludingAssessedTax,1,9795000000.0,9795.0,USD,USD_millions,10-K,2022,FY,,0001065088-23-000006,2023-02-23,0,364.0,https://www.sec.gov/Archives/edgar/data/1065088/000106508823000006/,2026-08-05T12:11:50+00:00
ebay,EBAY,0001065088,2022,2022-12-31,2022-01-01,revenue,us-gaap,RevenueFromContractWithCustomerExcludingAssessedTax,1,9795000000.0,9795.0,USD,USD_millions,10-K,2023,FY,,0001065088-24-000036,2024-02-28,0,364.0,https://www.sec.gov/Archives/edgar/data/1065088/000106508824000036/,2026-08-05T12:11:50+00:00
ebay,EBAY,0001065088,2022,2022-12-31,2022-01-01,revenue,us-gaap,RevenueFromContractWithCustomerExcludingAssessedTax,1,9795000000.0,9795.0,USD,USD_millions,10-K,2024,FY,CY2022,0001065088-25-000037,2025-02-27,0,364.0,https://www.sec.gov/Archives/edgar/data/1065088/000106508825000037/,2026-08-05T12:11:50+00:00
ebay,EBAY,0001065088,2022,2022-12-31,,total_assets,us-gaap,Assets,1,20850000000.0,20850.0,USD,USD_millions,10-K,2022,FY,,0001065088-23-000006,2023-02-23,0,,https://www.sec.gov/Archives/edgar/data/1065088/000106508823000006/,2026-08-05T12:11:50+00:00
ebay,EBAY,0001065088,2022,2022-12-31,,total_assets,us-gaap,Assets,1,20850000000.0,20850.0,USD,USD_millions,10-K,2023,FY,CY2022Q4I,0001065088-24-000036,2024-02-28,0,,https://www.sec.gov/Archives/edgar/data/1065088/000106508824000036/,2026-08-05T12:11:50+00:00
ebay,EBAY,0001065088,2022,2022-12-31,,total_debt,us-gaap,DebtLongtermAndShorttermCombinedAmount,1,8871000000.0,8871.0,USD,USD_millions,10-K,2022,FY,,0001065088-23-000006,2023-02-23,0,,https://www.sec.gov/Archives/edgar/data/1065088/000106508823000006/,2026-08-05T12:11:50+00:00
ebay,EBAY,0001065088,2022,2022-12-31,,total_debt,us-gaap,DebtLongtermAndShorttermCombinedAmount,1,8871000000.0,8871.0,USD,USD_millions,10-K,2023,FY,CY2022Q4I,0001065088-24-000036,2024-02-28,0,,https://www.sec.gov/Archives/edgar/data/1065088/000106508824000036/,2026-08-05T12:11:50+00:00
ebay,EBAY,0001065088,2022,2022-12-31,,total_debt,us-gaap,LongTermDebtAndCapitalLeaseObligations,3,7721000000.0,7721.0,USD,USD_millions,10-K,2023,FY,CY2022Q4I,0001065088-24-000036,2024-02-28,0,,https://www.sec.gov/Archives/edgar/data/1065088/000106508824000036/,2026-08-05T12:11:50+00:00
ebay,EBAY,0001065088,2022,2022-12-31,,total_equity,us-gaap,StockholdersEquity,1,5153000000.0,5153.0,USD,USD_millions,10-K,2022,FY,,0001065088-23-000006,2023-02-23,0,,https://www.sec.gov/Archives/edgar/data/1065088/000106508823000006/,2026-08-05T12:11:50+00:00
ebay,EBAY,0001065088,2022,2022-12-31,,total_equity,us-gaap,StockholdersEquity,1,5153000000.0,5153.0,USD,USD_millions,10-K,2023,FY,,0001065088-24-000036,2024-02-28,0,,https://www.sec.gov/Archives/edgar/data/1065088/000106508824000036/,2026-08-05T12:11:50+00:00
ebay,EBAY,0001065088,2022,2022-12-31,,total_equity,us-gaap,StockholdersEquity,1,5153000000.0,5153.0,USD,USD_millions,10-K,2024,FY,CY2022Q4I,0001065088-25-000037,2025-02-27,0,,https://www.sec.gov/Archives/edgar/data/1065088/000106508825000037/,2026-08-05T12:11:50+00:00
ebay,EBAY,0001065088,2023,2023-12-31,2023-01-01,capital_expenditure,us-gaap,PaymentsToAcquirePropertyPlantAndEquipment,1,456000000.0,456.0,USD,USD_millions,10-K,2023,FY,,0001065088-24-000036,2024-02-28,0,364.0,https://www.sec.gov/Archives/edgar/data/1065088/000106508824000036/,2026-08-05T12:11:50+00:00
ebay,EBAY,0001065088,2023,2023-12-31,2023-01-01,capital_expenditure,us-gaap,PaymentsToAcquirePropertyPlantAndEquipment,1,456000000.0,456.0,USD,USD_millions,10-K,2024,FY,,0001065088-25-000037,2025-02-27,0,364.0,https://www.sec.gov/Archives/edgar/data/1065088/000106508825000037/,2026-08-05T12:11:50+00:00
ebay,EBAY,0001065088,2023,2023-12-31,2023-01-01,capital_expenditure,us-gaap,PaymentsToAcquirePropertyPlantAndEquipment,1,456000000.0,456.0,USD,USD_millions,10-K,2025,FY,CY2023,0001065088-26-000027,2026-02-19,0,364.0,https://www.sec.gov/Archives/edgar/data/1065088/000106508826000027/,2026-08-05T12:11:50+00:00
ebay,EBAY,0001065088,2023,2023-12-31,,cash_and_equivalents,us-gaap,CashAndCashEquivalentsAtCarryingValue,1,1985000000.0,1985.0,USD,USD_millions,10-K,2023,FY,,0001065088-24-000036,2024-02-28,0,,https://www.sec.gov/Archives/edgar/data/1065088/000106508824000036/,2026-08-05T12:11:50+00:00
ebay,EBAY,0001065088,2023,2023-12-31,,cash_and_equivalents,us-gaap,CashAndCashEquivalentsAtCarryingValue,1,1985000000.0,1985.0,USD,USD_millions,10-K,2024,FY,,0001065088-25-000037,2025-02-27,0,,https://www.sec.gov/Archives/edgar/data/1065088/000106508825000037/,2026-08-05T12:11:50+00:00
ebay,EBAY,0001065088,2023,2023-12-31,,cash_and_equivalents,us-gaap,CashAndCashEquivalentsAtCarryingValue,1,1985000000.0,1985.0,USD,USD_millions,10-K,2025,FY,CY2023Q4I,0001065088-26-000027,2026-02-19,0,,https://www.sec.gov/Archives/edgar/data/1065088/000106508826000027/,2026-08-05T12:11:50+00:00
ebay,EBAY,0001065088,2023,2023-12-31,,current_assets,us-gaap,AssetsCurrent,1,11016000000.0,11016.0,USD,USD_millions,10-K,2023,FY,,0001065088-24-000036,2024-02-28,0,,https://www.sec.gov/Archives/edgar/data/1065088/000106508824000036/,2026-08-05T12:11:50+00:00
ebay,EBAY,0001065088,2023,2023-12-31,,current_assets,us-gaap,AssetsCurrent,1,11016000000.0,11016.0,USD,USD_millions,10-K,2024,FY,CY2023Q4I,0001065088-25-000037,2025-02-27,0,,https://www.sec.gov/Archives/edgar/data/1065088/000106508825000037/,2026-08-05T12:11:50+00:00
ebay,EBAY,0001065088,2023,2023-12-31,,current_liabilities,us-gaap,LiabilitiesCurrent,1,4520000000.0,4520.0,USD,USD_millions,10-K,2023,FY,,0001065088-24-000036,2024-02-28,0,,https://www.sec.gov/Archives/edgar/data/1065088/000106508824000036/,2026-08-05T12:11:50+00:00
ebay,EBAY,0001065088,2023,2023-12-31,,current_liabilities,us-gaap,LiabilitiesCurrent,1,4520000000.0,4520.0,USD,USD_millions,10-K,2024,FY,CY2023Q4I,0001065088-25-000037,2025-02-27,0,,https://www.sec.gov/Archives/edgar/data/1065088/000106508825000037/,2026-08-05T12:11:50+00:00
ebay,EBAY,0001065088,2023,2023-12-31,2023-01-01,net_income,us-gaap,NetIncomeLoss,1,2767000000.0,2767.0,USD,USD_millions,10-K,2023,FY,,0001065088-24-000036,2024-02-28,0,364.0,https://www.sec.gov/Archives/edgar/data/1065088/000106508824000036/,2026-08-05T12:11:50+00:00
ebay,EBAY,0001065088,2023,2023-12-31,2023-01-01,net_income,us-gaap,NetIncomeLoss,1,2767000000.0,2767.0,USD,USD_millions,10-K,2024,FY,,0001065088-25-000037,2025-02-27,0,364.0,https://www.sec.gov/Archives/edgar/data/1065088/000106508825000037/,2026-08-05T12:11:50+00:00
ebay,EBAY,0001065088,2023,2023-12-31,2023-01-01,net_income,us-gaap,NetIncomeLoss,1,2767000000.0,2767.0,USD,USD_millions,10-K,2025,FY,,0001065088-26-000027,2026-02-19,0,364.0,https://www.sec.gov/Archives/edgar/data/1065088/000106508826000027/,2026-08-05T12:11:50+00:00
ebay,EBAY,0001065088,2023,2023-12-31,2023-01-01,operating_cash_flow,us-gaap,NetCashProvidedByUsedInOperatingActivities,1,2426000000.0,2426.0,USD,USD_millions,10-K,2023,FY,,0001065088-24-000036,2024-02-28,0,364.0,https://www.sec.gov/Archives/edgar/data/1065088/000106508824000036/,2026-08-05T12:11:50+00:00
ebay,EBAY,0001065088,2023,2023-12-31,2023-01-01,operating_cash_flow,us-gaap,NetCashProvidedByUsedInOperatingActivities,1,2426000000.0,2426.0,USD,USD_millions,10-K,2024,FY,,0001065088-25-000037,2025-02-27,0,364.0,https://www.sec.gov/Archives/edgar/data/1065088/000106508825000037/,2026-08-05T12:11:50+00:00
ebay,EBAY,0001065088,2023,2023-12-31,2023-01-01,operating_cash_flow,us-gaap,NetCashProvidedByUsedInOperatingActivities,1,2426000000.0,2426.0,USD,USD_millions,10-K,2025,FY,CY2023,0001065088-26-000027,2026-02-19,0,364.0,https://www.sec.gov/Archives/edgar/data/1065088/000106508826000027/,2026-08-05T12:11:50+00:00
ebay,EBAY,0001065088,2023,2023-12-31,2023-01-01,revenue,us-gaap,RevenueFromContractWithCustomerExcludingAssessedTax,1,10112000000.0,10112.0,USD,USD_millions,10-K,2023,FY,,0001065088-24-000036,2024-02-28,0,364.0,https://www.sec.gov/Archives/edgar/data/1065088/000106508824000036/,2026-08-05T12:11:50+00:00
ebay,EBAY,0001065088,2023,2023-12-31,2023-01-01,revenue,us-gaap,RevenueFromContractWithCustomerExcludingAssessedTax,1,10112000000.0,10112.0,USD,USD_millions,10-K,2024,FY,,0001065088-25-000037,2025-02-27,0,364.0,https://www.sec.gov/Archives/edgar/data/1065088/000106508825000037/,2026-08-05T12:11:50+00:00
ebay,EBAY,0001065088,2023,2023-12-31,2023-01-01,revenue,us-gaap,RevenueFromContractWithCustomerExcludingAssessedTax,1,10112000000.0,10112.0,USD,USD_millions,10-K,2025,FY,CY2023,0001065088-26-000027,2026-02-19,0,364.0,https://www.sec.gov/Archives/edgar/data/1065088/000106508826000027/,2026-08-05T12:11:50+00:00
ebay,EBAY,0001065088,2023,2023-12-31,,total_assets,us-gaap,Assets,1,21620000000.0,21620.0,USD,USD_millions,10-K,2023,FY,,0001065088-24-000036,2024-02-28,0,,https://www.sec.gov/Archives/edgar/data/1065088/000106508824000036/,2026-08-05T12:11:50+00:00
ebay,EBAY,0001065088,2023,2023-12-31,,total_assets,us-gaap,Assets,1,21620000000.0,21620.0,USD,USD_millions,10-K,2024,FY,CY2023Q4I,0001065088-25-000037,2025-02-27,0,,https://www.sec.gov/Archives/edgar/data/1065088/000106508825000037/,2026-08-05T12:11:50+00:00
ebay,EBAY,0001065088,2023,2023-12-31,,total_debt,us-gaap,DebtLongtermAndShorttermCombinedAmount,1,7723000000.0,7723.0,USD,USD_millions,10-K,2023,FY,CY2023Q4I,0001065088-24-000036,2024-02-28,0,,https://www.sec.gov/Archives/edgar/data/1065088/000106508824000036/,2026-08-05T12:11:50+00:00
ebay,EBAY,0001065088,2023,2023-12-31,,total_debt,us-gaap,LongTermDebtAndCapitalLeaseObligations,3,6973000000.0,6973.0,USD,USD_millions,10-K,2023,FY,,0001065088-24-000036,2024-02-28,0,,https://www.sec.gov/Archives/edgar/data/1065088/000106508824000036/,2026-08-05T12:11:50+00:00
ebay,EBAY,0001065088,2023,2023-12-31,,total_debt,us-gaap,DebtAndCapitalLeaseObligations,2,7723000000.0,7723.0,USD,USD_millions,10-K,2024,FY,CY2023Q4I,0001065088-25-000037,2025-02-27,0,,https://www.sec.gov/Archives/edgar/data/1065088/000106508825000037/,2026-08-05T12:11:50+00:00
ebay,EBAY,0001065088,2023,2023-12-31,,total_debt,us-gaap,LongTermDebtAndCapitalLeaseObligations,3,6973000000.0,6973.0,USD,USD_millions,10-K,2024,FY,CY2023Q4I,0001065088-25-000037,2025-02-27,0,,https://www.sec.gov/Archives/edgar/data/1065088/000106508825000037/,2026-08-05T12:11:50+00:00
ebay,EBAY,0001065088,2023,2023-12-31,,total_equity,us-gaap,StockholdersEquity,1,6396000000.0,6396.0,USD,USD_millions,10-K,2023,FY,,0001065088-24-000036,2024-02-28,0,,https://www.sec.gov/Archives/edgar/data/1065088/000106508824000036/,2026-08-05T12:11:50+00:00
ebay,EBAY,0001065088,2023,2023-12-31,,total_equity,us-gaap,StockholdersEquity,1,6396000000.0,6396.0,USD,USD_millions,10-K,2024,FY,,0001065088-25-000037,2025-02-27,0,,https://www.sec.gov/Archives/edgar/data/1065088/000106508825000037/,2026-08-05T12:11:50+00:00
ebay,EBAY,0001065088,2023,2023-12-31,,total_equity,us-gaap,StockholdersEquity,1,6396000000.0,6396.0,USD,USD_millions,10-K,2025,FY,CY2023Q4I,0001065088-26-000027,2026-02-19,0,,https://www.sec.gov/Archives/edgar/data/1065088/000106508826000027/,2026-08-05T12:11:50+00:00
